cultivo_id,tipo_suelo_id,temperatura,humedad,ph,nitrogeno,fosforo,potasio,materia_organica,conductividad_electrica,fertilizante_codigo,cantidad_kg
7.0,4.0,11.33,70.74,6.45,64.3,3.78,137.99,1.007,0.544,DAP-18-46,178.7
12.0,1.0,22.9,37.57,5.81,24.54,18.33,227.82,2.305,1.346,DAP-18-46,107.0
3.0,7.0,14.4,82.05,6.46,30.03,6.65,179.56,6.501,0.449,DAP-18-46,199.4
2.0,6.0,34.67,86.49,6.4,116.39,4.29,53.34,1.291,2.647,KCL-60,171.4
12.0,4.0,11.22,67.42,6.72,66.67,41.26,130.12,0.808,2.983,DAP-18-46,193.5
2.0,1.0,16.93,57.61,7.26,46.1,56.44,173.94,3.623,2.146,UREA-46,184.2
7.0,3.0,5.0,79.79,6.28,23.6,22.1,208.57,1.821,2.113,DAP-18-46,134.3
7.0,3.0,22.23,71.5,4.88,18.92,19.0,68.1,5.87,0.588,DAP-18-46,118.3
9.0,7.0,16.45,73.3,4.99,12.1,29.93,167.73,1.285,0.42,UREA-46,125.2
8.0,1.0,14.02,62.36,5.44,53.56,34.82,173.27,1.558,1.509,DAP-18-46,202.1
5.0,4.0,29.79,30.08,5.51,29.3,11.52,292.11,10.749,0.763,DAP-18-46,222.5
1.0,1.0,12.06,54.81,6.29,52.76,1.0,185.49,3.09,0.287,NPK-15-15-15,322.7
7.0,2.0,20.89,81.68,5.45,44.57,32.87,138.2,10.567,1.09,NPK-15-15-15,215.2
1.0,8.0,18.38,74.03,6.07,23.98,35.46,188.46,1.796,3.281,UREA-46,227.6
1.0,8.0,21.92,84.85,4.54,128.47,92.96,92.48,2.162,0.892,KCL-60,298.9
4.0,1.0,17.97,58.1,5.78,58.97,38.16,30.0,2.277,1.517,KCL-60,150.1
6.0,6.0,23.27,60.69,7.29,40.63,22.28,177.24,3.704,0.494,DAP-18-46,103.6
1.0,8.0,17.26,78.33,5.79,33.34,49.84,138.96,2.534,4.127,UREA-46,204.4
8.0,6.0,19.39,50.44,7.15,64.26,31.97,290.56,1.369,2.486,DAP-18-46,221.5
9.0,8.0,18.14,80.69,7.49,52.03,35.96,194.09,1.531,0.706,DAP-18-46,114.1
7.0,7.0,17.76,55.38,4.59,47.53,3.1,153.21,2.347,2.204,DAP-18-46,132.4
5.0,7.0,32.33,95.0,7.43,163.09,26.3,129.71,1.29,0.867,DAP-18-46,111.8
5.0,2.0,13.37,94.9,5.9,19.93,27.76,281.31,1.321,4.647,NPK-15-15-15,334.5
5.0,6.0,10.9,69.12,5.89,9.78,9.57,227.99,1.563,0.937,DAP-18-46,197.5
10.0,2.0,18.01,78.61,7.94,50.34,80.53,222.51,3.327,1.278,UREA-46,119.3
3.0,3.0,17.09,75.59,6.45,9.84,12.84,247.97,0.814,1.79,UREA-46,194.3
8.0,4.0,20.69,63.58,4.2,50.57,24.6,210.62,1.219,1.303,HUMUS-ORG,4601.3
5.0,4.0,27.32,57.09,5.83,104.45,21.02,255.93,6.147,0.739,DAP-18-46,101.6
9.0,3.0,16.37,53.96,7.92,39.13,17.29,84.27,3.99,2.352,MAP-12-61,159.0
5.0,2.0,28.88,72.28,6.28,83.34,17.37,71.46,6.062,0.238,KCL-60,202.7
6.0,3.0,24.36,69.27,5.91,107.6,31.38,103.65,2.143,0.712,KNO3-13-46,120.5
10.0,2.0,13.65,31.24,5.68,36.44,40.71,222.88,3.909,1.714,UREA-46,135.6
9.0,7.0,12.92,64.19,4.0,80.52,94.61,227.93,0.611,3.878,HUMUS-ORG,4757.3
4.0,3.0,15.17,68.91,5.78,21.17,139.31,302.07,3.84,3.702,UREA-46,243.8
8.0,6.0,31.14,50.45,5.44,31.93,13.62,192.03,9.662,6.426,DAP-18-46,204.7
1.0,1.0,23.7,54.62,5.39,109.19,44.26,326.52,7.248,3.016,KNO3-13-46,54.5
7.0,8.0,25.08,56.55,4.66,156.92,50.8,279.03,1.84,0.479,KNO3-13-46,55.6
6.0,4.0,18.03,65.85,5.79,37.07,8.82,221.16,1.149,1.671,NPK-10-26-26,192.7
12.0,7.0,19.99,51.53,7.6,39.95,58.98,320.43,5.732,0.775,UREA-46,120.1
7.0,7.0,21.56,86.83,6.38,47.72,27.7,189.31,3.74,1.189,DAP-18-46,167.6
12.0,6.0,23.89,70.95,6.19,25.93,20.35,212.25,1.497,1.505,DAP-18-46,136.0
3.0,7.0,11.39,73.78,6.87,34.24,31.19,141.95,0.604,0.278,DAP-18-46,141.8
6.0,5.0,28.1,95.0,6.91,14.08,13.14,158.11,2.14,1.746,UREA-46,176.7
11.0,7.0,19.07,65.64,6.92,21.12,46.02,200.2,0.661,0.24,UREA-46,120.0
3.0,7.0,20.83,76.72,5.15,6.14,39.21,76.72,5.093,0.14,UREA-46,180.3
9.0,1.0,15.9,27.01,7.41,29.59,28.14,311.76,2.708,1.247,DAP-18-46,156.8
5.0,6.0,19.36,80.12,6.19,17.85,72.22,30.0,5.256,0.138,SA-21,311.2
8.0,7.0,22.78,67.61,7.82,78.41,31.45,389.34,5.059,0.344,DAP-18-46,245.2
4.0,3.0,21.84,50.33,7.86,69.73,9.58,180.86,1.467,1.352,MAP-12-61,116.9
8.0,2.0,29.98,95.0,6.76,8.62,15.91,131.65,4.453,0.169,UREA-46,227.6
12.0,4.0,22.1,62.4,6.8,60.2,7.97,219.78,3.971,2.411,DAP-18-46,223.8
5.0,5.0,21.92,41.76,5.95,48.54,39.04,148.13,6.248,1.468,DAP-18-46,181.0
1.0,1.0,10.74,35.96,5.53,20.68,18.97,118.82,3.778,1.775,NPK-15-15-15,191.7
1.0,4.0,20.88,93.49,7.07,19.78,10.57,327.28,4.013,0.163,NPK-15-15-15,284.1
4.0,5.0,16.38,47.38,5.8,22.3,39.63,288.45,3.46,1.174,UREA-46,137.8
5.0,4.0,7.33,91.93,6.79,16.38,34.4,190.34,0.546,3.085,UREA-46,239.8
4.0,8.0,20.89,69.03,5.49,46.71,33.11,139.1,7.309,3.897,DAP-18-46,167.6
5.0,5.0,15.59,57.28,5.77,29.69,6.7,293.24,3.909,0.345,DAP-18-46,218.2
10.0,1.0,16.74,47.94,4.8,96.34,28.53,57.62,0.952,0.1,KCL-60,162.3
11.0,6.0,13.97,53.21,6.6,34.64,25.7,270.37,1.01,0.534,DAP-18-46,146.5
7.0,3.0,19.19,62.4,5.68,8.76,18.83,188.51,4.235,0.906,UREA-46,178.7
12.0,1.0,25.48,27.68,5.89,87.3,73.8,117.77,3.082,0.788,DAP-18-46,103.8
12.0,8.0,23.61,87.89,6.85,5.15,6.17,219.15,3.144,0.408,DAP-18-46,114.9
8.0,6.0,25.5,72.57,5.95,20.37,11.36,241.59,5.212,0.196,DAP-18-46,231.5
12.0,2.0,10.55,50.31,7.38,13.72,33.2,30.0,1.932,0.523,UREA-46,242.3
6.0,4.0,23.83,64.44,5.9,17.64,19.29,233.78,1.246,0.225,NPK-10-26-26,225.2
4.0,2.0,10.27,66.81,4.73,45.07,29.94,222.15,0.528,0.221,HUMUS-ORG,4700.1
6.0,3.0,27.72,93.27,5.3,110.88,19.72,30.0,0.62,0.273,KCL-60,247.6
3.0,5.0,9.39,75.46,4.83,23.59,38.46,39.71,2.116,1.634,UREA-46,240.5
5.0,8.0,21.65,37.65,6.2,43.04,14.11,199.4,0.695,1.954,DAP-18-46,174.3
11.0,8.0,8.65,57.79,6.65,60.12,7.65,271.53,0.74,3.739,DAP-18-46,120.5
10.0,1.0,10.08,60.93,7.16,63.3,49.93,264.98,5.229,0.431,KNO3-13-46,98.9
11.0,2.0,18.87,58.12,6.29,200.0,19.43,157.64,0.821,1.97,KCL-60,138.5
8.0,2.0,26.14,58.53,7.42,37.81,33.96,30.0,2.14,3.244,KCL-60,206.1
10.0,7.0,26.67,30.72,6.36,60.29,30.53,238.36,5.732,0.811,HUMUS-ORG,3385.8
2.0,6.0,21.85,61.91,6.18,42.0,10.51,163.94,1.525,1.109,DAP-18-46,209.8
1.0,3.0,6.83,59.6,6.61,49.3,12.38,109.35,0.832,4.7,UREA-46,219.7
5.0,3.0,19.64,65.91,6.42,108.26,117.88,184.35,1.784,2.729,UREA-46,134.6
3.0,5.0,15.5,63.13,6.66,25.72,25.15,376.31,1.254,1.086,DAP-18-46,173.7
1.0,8.0,17.48,82.02,7.44,14.84,60.93,270.05,1.741,0.478,UREA-46,171.5
3.0,1.0,21.04,61.39,5.38,26.52,4.42,188.17,2.401,4.91,DAP-18-46,116.4
12.0,5.0,18.26,83.55,6.34,57.72,25.85,231.04,2.341,3.039,DAP-18-46,136.8
11.0,3.0,15.21,47.89,6.49,15.24,58.23,224.48,5.781,0.1,UREA-46,223.0
5.0,6.0,27.4,71.18,5.5,10.44,11.91,192.35,1.682,0.1,UREA-46,222.8
6.0,3.0,19.5,93.39,6.11,51.45,70.88,195.53,1.395,1.847,KNO3-13-46,56.7
10.0,6.0,25.17,37.58,5.7,68.68,10.32,174.74,3.374,0.886,DAP-18-46,141.0
4.0,1.0,25.79,66.94,6.95,66.81,12.83,199.46,5.369,5.008,UREA-46,214.0
5.0,3.0,11.3,43.92,7.05,23.24,57.15,317.67,2.094,1.175,UREA-46,123.9
9.0,1.0,27.76,20.34,6.66,145.79,15.04,300.08,1.211,1.226,DAP-18-46,133.8
12.0,7.0,10.04,85.78,4.89,186.12,14.94,149.2,1.759,5.515,DAP-18-46,208.3
11.0,5.0,19.55,73.44,5.64,16.52,26.11,149.35,1.09,0.637,UREA-46,216.4
2.0,4.0,18.38,50.95,5.78,30.93,101.72,101.7,4.807,0.1,NPK-15-15-15,317.6
8.0,3.0,28.21,89.9,4.82,123.76,82.4,224.75,2.869,0.994,KNO3-13-46,116.1
4.0,6.0,16.81,88.71,6.56,73.52,4.03,137.66,4.398,1.613,DAP-18-46,174.7
2.0,6.0,12.4,78.56,5.18,58.43,10.15,171.14,3.747,2.036,DAP-18-46,163.8
4.0,4.0,8.63,95.0,6.11,101.58,57.84,134.18,2.743,3.652,SA-21,192.1
2.0,8.0,15.06,76.21,5.77,53.78,30.72,30.0,1.832,0.107,KCL-60,187.4
6.0,4.0,27.66,35.38,7.83,18.43,28.78,49.9,5.38,0.1,NPK-10-26-26,188.3
12.0,8.0,9.56,55.05,6.59,31.84,20.9,132.8,0.894,0.895,DAP-18-46,188.2
12.0,1.0,13.55,41.52,7.46,19.62,26.18,257.62,1.978,2.995,UREA-46,183.7
11.0,5.0,16.07,56.88,6.33,17.79,15.11,241.75,1.766,0.981,DAP-18-46,202.9
2.0,1.0,23.5,71.24,7.1,22.36,35.8,96.81,1.064,1.679,UREA-46,245.5
1.0,7.0,14.26,95.0,6.03,58.27,50.97,209.2,2.219,1.443,DAP-18-46,230.3
8.0,1.0,24.63,86.37,6.77,24.31,32.24,119.66,15.0,0.1,UREA-46,246.6
9.0,1.0,19.93,72.59,7.65,96.59,21.51,81.79,4.624,2.155,DAP-18-46,219.7
3.0,5.0,17.1,67.26,6.04,25.78,21.19,112.24,1.73,0.893,DAP-18-46,135.6
1.0,3.0,27.85,83.18,5.58,40.37,47.26,363.28,0.565,0.626,UREA-46,157.0
2.0,8.0,24.14,95.0,7.45,79.88,38.93,202.5,1.198,3.927,DAP-18-46,109.0
5.0,5.0,13.48,59.95,4.68,22.92,14.72,291.36,1.432,1.414,HUMUS-ORG,4148.5
1.0,5.0,12.11,60.96,6.7,13.17,21.82,205.58,2.594,0.445,UREA-46,244.4
4.0,6.0,19.34,89.55,6.31,128.82,28.15,183.25,1.147,0.357,DAP-18-46,191.6
10.0,1.0,10.54,52.53,5.55,83.65,16.76,202.32,2.944,0.902,DAP-18-46,188.0
1.0,3.0,17.52,84.68,5.02,25.7,13.22,84.8,1.242,1.5,HUMUS-ORG,2175.4
9.0,2.0,22.0,37.11,5.64,43.09,38.4,276.33,1.528,3.539,NPK-12-24-12,254.5
4.0,8.0,24.78,95.0,4.68,20.57,32.72,162.81,3.269,0.109,UREA-46,196.0
8.0,6.0,28.14,80.67,5.98,10.75,1.85,73.63,13.998,0.887,NPK-15-15-15,233.4
6.0,4.0,25.87,77.5,5.91,26.03,48.06,210.69,1.705,0.191,NPK-10-26-26,246.1
6.0,5.0,23.19,78.75,6.9,8.13,13.7,206.85,2.844,1.06,UREA-46,123.9
4.0,1.0,13.91,43.86,4.82,14.97,21.17,245.06,7.635,3.099,UREA-46,124.3
6.0,3.0,28.14,95.0,6.22,17.9,28.83,266.69,2.401,1.917,KNO3-13-46,64.1
7.0,4.0,14.72,82.66,6.84,44.84,24.05,52.18,0.875,3.428,KCL-60,265.9
4.0,3.0,13.2,71.33,7.06,3.65,5.85,204.14,2.755,4.134,DAP-18-46,231.4
12.0,7.0,10.74,75.8,7.58,22.69,5.94,299.26,0.65,7.908,DAP-18-46,108.7
8.0,7.0,14.32,59.56,5.85,39.34,149.13,275.25,1.414,1.467,UREA-46,179.1
7.0,2.0,9.8,60.95,5.15,71.29,36.34,30.0,0.548,0.451,KCL-60,252.1
10.0,8.0,9.13,68.3,6.19,17.55,28.44,167.32,0.758,1.005,UREA-46,122.5
4.0,8.0,16.96,95.0,4.97,26.54,41.42,263.19,3.413,0.863,UREA-46,138.2
10.0,2.0,30.94,54.1,6.87,51.99,28.89,119.73,0.907,2.006,DAP-18-46,176.8
5.0,8.0,15.81,68.32,4.99,22.35,39.11,222.93,0.978,0.155,HUMUS-ORG,3980.9
8.0,8.0,13.21,62.39,7.05,71.19,10.83,170.61,8.536,0.976,DAP-18-46,234.4
10.0,5.0,17.56,45.79,6.17,106.1,20.17,209.14,0.612,0.176,DAP-18-46,189.8
9.0,1.0,23.16,26.67,5.2,20.95,70.75,343.44,0.532,7.322,HUMUS-ORG,4014.4
7.0,7.0,23.03,50.35,7.29,61.45,39.34,220.23,2.469,6.267,DAP-18-46,240.6
2.0,2.0,20.4,53.28,5.72,41.13,51.85,316.18,2.731,1.065,UREA-46,144.6
3.0,7.0,22.52,71.86,7.36,20.34,19.85,111.96,4.524,0.342,DAP-18-46,183.3
7.0,3.0,14.91,45.02,6.45,17.48,36.43,91.5,0.903,0.547,DAP-18-46,231.5
5.0,2.0,13.1,27.31,6.73,47.66,22.46,119.93,0.508,1.45,NPK-15-15-15,238.9
9.0,5.0,19.09,49.96,8.19,11.2,32.27,330.93,2.813,1.693,UREA-46,220.7
12.0,4.0,24.54,39.42,6.61,60.72,107.05,140.5,2.336,0.701,UREA-46,118.4
1.0,7.0,14.17,41.4,6.9,28.65,9.57,361.67,0.991,1.737,DAP-18-46,248.7
12.0,3.0,19.82,40.22,6.85,53.7,33.16,75.93,2.049,0.984,KCL-60,187.0
5.0,4.0,17.83,95.0,7.7,65.73,6.33,204.14,3.98,1.605,MAP-12-61,175.7
8.0,4.0,12.28,47.84,5.24,74.84,13.33,166.46,0.619,1.45,HUMUS-ORG,3686.0
5.0,4.0,24.43,51.89,6.06,61.55,28.35,149.85,4.375,1.469,DAP-18-46,174.2
5.0,2.0,20.68,52.34,5.7,19.45,75.98,166.87,3.378,1.182,NPK-15-15-15,395.1
2.0,4.0,16.23,67.74,6.54,22.47,16.53,175.36,7.783,2.845,NPK-15-15-15,317.3
2.0,8.0,28.62,46.38,5.56,39.11,44.11,175.29,4.358,0.337,UREA-46,138.8
4.0,2.0,24.97,51.17,4.9,94.57,56.84,220.91,2.0,6.299,KNO3-13-46,127.2
2.0,1.0,16.39,52.46,5.51,66.47,10.02,97.0,0.745,0.873,UREA-46,129.3
12.0,2.0,16.45,51.87,5.47,29.65,22.45,265.07,2.54,0.272,NPK-15-15-15,303.4
3.0,3.0,15.99,57.73,5.34,35.33,28.95,292.98,9.038,0.811,NPK-15-15-15,396.0
5.0,6.0,11.63,72.71,6.03,22.01,8.88,387.17,3.677,3.314,DAP-18-46,111.9
5.0,3.0,20.03,59.68,6.35,66.14,18.39,170.55,2.037,0.664,DAP-18-46,174.1
3.0,4.0,12.0,55.91,6.96,16.98,10.68,106.21,1.996,2.072,DAP-18-46,197.7
6.0,1.0,17.38,87.05,6.23,16.08,36.77,90.29,0.68,0.288,UREA-46,228.4
12.0,1.0,14.94,79.0,7.44,43.81,17.19,74.66,7.464,3.074,KCL-60,253.2
3.0,4.0,10.73,80.02,6.45,46.13,2.83,30.0,5.498,1.187,KCL-60,176.1
11.0,4.0,17.7,59.55,6.55,150.66,51.25,219.62,10.516,1.457,KNO3-13-46,105.9
12.0,7.0,31.2,74.58,4.88,13.81,1.67,222.26,4.851,0.116,DAP-18-46,134.0
9.0,4.0,15.86,79.3,6.7,94.11,8.52,140.33,4.392,1.278,DAP-18-46,198.8
4.0,5.0,12.44,69.29,7.08,96.98,18.09,234.23,1.453,0.855,DAP-18-46,216.1
9.0,3.0,17.18,82.15,7.65,52.4,35.55,51.84,0.775,0.728,KCL-60,197.5
6.0,4.0,18.74,74.93,6.24,58.69,4.61,74.4,2.099,0.1,KCL-60,128.0
12.0,2.0,9.56,63.5,4.85,23.08,22.24,119.83,4.556,1.273,NPK-15-15-15,278.2
11.0,6.0,17.04,77.08,6.39,11.07,18.81,181.7,2.201,1.817,UREA-46,248.9
1.0,8.0,7.18,36.49,6.44,49.99,12.8,191.74,1.245,0.1,DAP-18-46,190.6
2.0,2.0,16.39,48.96,4.26,11.56,18.18,186.15,0.709,0.657,UREA-46,241.3
9.0,2.0,25.06,33.79,6.39,96.56,37.36,120.42,0.883,0.1,NPK-12-24-12,184.4
3.0,3.0,34.07,56.26,4.44,65.91,32.82,247.65,1.905,1.677,NPK-15-15-15,218.8
5.0,6.0,16.41,90.8,6.68,90.4,61.66,124.55,2.682,0.696,SA-21,270.2
4.0,4.0,12.08,91.68,5.97,10.08,57.31,145.59,0.564,1.557,UREA-46,195.5
11.0,7.0,17.1,52.15,7.2,41.32,22.01,143.03,0.879,0.997,DAP-18-46,104.1
11.0,3.0,17.39,72.37,5.21,9.14,34.88,151.6,6.259,0.185,UREA-46,243.4
5.0,3.0,19.44,81.27,4.81,19.21,25.04,85.58,2.451,2.153,UREA-46,225.0
3.0,3.0,11.62,49.28,5.06,141.42,28.28,34.02,0.875,0.881,KCL-60,225.2
11.0,4.0,19.75,81.19,7.96,24.63,17.48,134.58,2.458,0.388,MAP-12-61,176.4
5.0,2.0,19.6,95.0,5.87,74.64,12.69,86.19,10.407,0.991,NPK-15-15-15,365.9
7.0,2.0,37.53,42.6,4.57,56.91,71.84,113.48,6.121,0.913,NPK-15-15-15,260.9
4.0,7.0,24.99,61.32,6.08,43.59,35.5,160.69,3.707,1.769,DAP-18-46,120.2
5.0,8.0,14.83,83.25,6.39,81.71,121.16,151.48,3.005,0.107,UREA-46,100.8
8.0,5.0,20.8,73.75,6.51,17.77,14.85,258.0,3.407,0.1,DAP-18-46,145.9
8.0,3.0,24.58,95.0,5.56,85.51,8.44,174.28,3.596,1.649,KCL-60,142.2
2.0,7.0,8.44,51.36,5.78,7.4,27.4,276.21,1.119,0.1,UREA-46,132.2
3.0,1.0,13.79,75.5,6.81,36.23,54.23,245.45,2.368,0.933,NPK-15-15-15,208.7
5.0,8.0,21.14,33.71,5.57,24.69,60.09,244.98,1.292,0.772,UREA-46,115.4
1.0,2.0,22.24,81.74,7.0,46.06,22.17,166.09,0.716,4.008,NPK-12-24-12,265.3
11.0,3.0,24.42,68.41,6.97,125.33,20.53,166.43,3.311,0.185,DAP-18-46,106.3
1.0,4.0,26.54,81.67,7.07,151.49,41.05,195.79,1.385,0.167,NPK-15-15-15,345.5
12.0,5.0,17.16,56.9,6.2,35.68,18.65,82.34,1.654,0.1,DAP-18-46,215.1
2.0,5.0,19.96,70.41,6.76,29.87,60.05,94.25,2.84,0.525,SA-21,177.3
7.0,4.0,12.78,85.26,5.13,68.17,9.57,228.25,1.646,0.1,DAP-18-46,116.7
10.0,5.0,22.44,55.76,5.99,32.19,25.19,242.77,0.525,0.936,DAP-18-46,244.5
12.0,2.0,10.92,85.06,6.84,43.06,100.28,227.35,0.82,0.463,NPK-15-15-15,154.4
5.0,1.0,18.61,92.88,5.08,2.72,14.4,184.07,5.194,0.1,UREA-46,234.8
1.0,7.0,16.66,91.82,4.76,8.58,11.17,48.54,3.94,0.963,NPK-15-15-15,164.5
10.0,8.0,18.13,69.15,5.07,15.64,12.64,224.62,2.659,0.238,DAP-18-46,221.7
8.0,4.0,27.48,46.73,5.47,103.5,16.54,173.92,3.575,0.1,DAP-18-46,122.1
5.0,4.0,12.99,95.0,4.75,38.7,32.89,151.4,4.612,0.923,DAP-18-46,182.0
3.0,6.0,17.65,85.22,6.47,19.33,130.24,227.86,3.191,0.173,UREA-46,195.5
12.0,8.0,21.28,62.97,4.84,35.18,66.44,134.19,0.533,0.1,HUMUS-ORG,4488.2
11.0,5.0,20.56,65.34,5.62,38.36,38.83,76.54,3.246,0.266,KCL-60,213.0
6.0,5.0,16.12,64.99,5.07,28.55,50.69,201.27,1.9,0.1,UREA-46,172.1
10.0,4.0,13.45,36.81,4.99,58.12,67.96,227.02,1.604,2.324,NPK-15-15-15,212.8
4.0,5.0,26.27,42.59,5.56,107.17,3.11,182.61,0.599,0.1,DAP-18-46,126.3
2.0,8.0,8.76,95.0,6.69,80.05,15.64,156.75,7.818,3.346,DAP-18-46,162.9
4.0,7.0,15.83,20.0,6.57,11.61,13.97,215.51,0.685,0.107,UREA-46,241.1
5.0,1.0,25.59,58.36,5.77,62.11,39.01,213.81,5.716,1.162,UREA-46,142.4
7.0,5.0,22.14,20.0,5.54,19.38,15.2,245.64,5.217,0.824,DAP-18-46,145.4
5.0,1.0,12.88,48.38,5.88,200.0,20.13,119.91,2.455,0.243,UREA-46,157.1
7.0,7.0,18.8,33.51,6.9,29.32,16.66,219.32,0.848,1.232,DAP-18-46,217.1
9.0,3.0,21.64,61.7,6.68,64.55,21.17,219.82,3.764,2.967,DAP-18-46,141.1
11.0,1.0,14.65,45.2,6.6,65.83,25.63,233.5,1.697,0.267,UREA-46,217.9
4.0,2.0,19.54,59.18,7.17,15.92,31.11,180.79,2.41,1.167,UREA-46,164.4
5.0,3.0,11.78,64.13,6.37,56.37,32.43,135.13,2.24,0.11,DAP-18-46,146.9
7.0,3.0,9.93,77.28,5.85,8.69,16.29,77.59,7.333,0.845,UREA-46,231.7
5.0,6.0,13.63,41.99,5.98,52.2,5.36,79.99,10.55,2.305,KCL-60,246.7
7.0,6.0,22.03,76.91,6.58,107.64,6.5,176.61,0.772,1.19,DAP-18-46,246.8
9.0,5.0,20.05,41.82,6.29,5.86,33.37,189.54,2.99,1.196,UREA-46,203.5
10.0,3.0,10.88,71.21,7.79,31.36,13.55,241.68,3.542,0.701,MAP-12-61,136.4
9.0,1.0,23.14,95.0,4.72,10.93,9.38,99.44,2.869,0.359,NPK-15-15-15,384.8
5.0,3.0,21.59,88.4,5.75,48.79,17.39,237.81,7.519,0.374,DAP-18-46,208.9
10.0,8.0,12.81,62.46,6.48,33.72,17.52,140.6,0.523,1.335,DAP-18-46,192.0
9.0,1.0,22.85,47.48,6.52,13.39,10.04,110.36,1.211,0.1,UREA-46,168.8
3.0,6.0,27.69,82.95,6.57,81.52,68.27,196.54,2.898,2.037,DAP-18-46,210.7
8.0,3.0,15.64,91.46,6.74,23.31,58.1,161.03,3.04,2.69,KCL-60,199.9
2.0,4.0,20.3,56.37,6.2,57.99,29.03,74.89,1.809,0.951,KCL-60,105.7
12.0,7.0,23.87,46.88,6.17,112.33,12.43,186.82,7.641,2.06,DAP-18-46,208.1
4.0,3.0,16.01,53.98,5.22,34.82,20.12,74.2,4.909,2.336,KCL-60,161.6
7.0,8.0,21.41,87.19,4.93,16.64,13.17,262.65,2.343,2.373,DAP-18-46,232.7
12.0,7.0,5.0,46.01,4.11,55.87,8.86,146.66,3.874,2.981,DAP-18-46,179.8
12.0,2.0,20.25,31.91,5.31,53.82,59.3,109.49,2.682,0.189,NPK-15-15-15,203.0
11.0,6.0,14.95,53.11,5.42,59.23,26.09,197.79,4.005,3.077,DAP-18-46,201.8
8.0,7.0,13.46,76.67,6.68,34.47,5.96,204.11,2.211,4.057,DAP-18-46,165.9
8.0,2.0,11.9,65.58,6.87,74.85,82.24,286.75,5.368,1.678,KNO3-13-46,90.8
5.0,3.0,11.42,80.09,7.32,79.56,45.08,165.05,4.42,0.9,DAP-18-46,127.5
2.0,1.0,17.46,83.42,6.03,71.6,62.19,255.26,2.451,5.166,KNO3-13-46,56.7
9.0,1.0,16.84,53.06,5.93,200.0,22.24,124.9,1.579,0.699,DAP-18-46,110.3
4.0,3.0,15.28,62.66,6.72,28.06,48.33,264.16,2.999,0.15,UREA-46,115.6
9.0,4.0,20.74,91.2,6.83,78.93,24.47,111.11,2.922,2.034,DAP-18-46,125.5
9.0,7.0,19.78,73.34,6.38,47.92,32.11,255.3,3.002,0.255,HUMUS-ORG,3421.8
11.0,6.0,26.22,33.31,6.55,82.94,58.57,248.84,2.541,1.318,KNO3-13-46,63.4
3.0,2.0,21.39,63.91,7.6,29.65,27.88,238.72,2.381,2.622,SA-21,242.6
11.0,4.0,21.68,74.51,6.51,71.66,40.22,216.4,1.112,0.935,KNO3-13-46,76.4
5.0,8.0,20.1,36.83,6.29,24.29,61.06,238.55,6.281,8.343,UREA-46,223.8
2.0,8.0,20.82,37.36,6.88,91.15,150.0,160.47,0.557,0.67,UREA-46,217.6
11.0,6.0,24.49,41.38,6.76,74.11,7.15,267.28,2.572,1.47,DAP-18-46,229.7
10.0,3.0,18.87,65.43,5.88,66.97,18.83,68.06,7.084,3.971,KCL-60,168.4
5.0,7.0,21.75,80.93,5.67,34.88,29.91,298.53,7.605,0.275,DAP-18-46,175.1
9.0,3.0,24.07,89.15,5.53,47.99,29.55,109.61,2.018,1.653,DAP-18-46,225.6
2.0,4.0,16.93,42.18,7.92,104.1,34.03,203.98,3.072,0.123,NPK-15-15-15,335.1
12.0,8.0,27.77,78.61,6.39,25.0,34.46,385.0,9.844,1.725,UREA-46,156.3
7.0,8.0,14.38,53.54,6.98,56.64,74.33,206.35,1.567,0.857,UREA-46,159.4
1.0,8.0,16.05,76.81,7.49,32.81,7.57,176.94,7.635,0.117,DAP-18-46,165.8
4.0,3.0,15.53,56.29,5.07,13.76,44.56,76.01,1.401,5.556,UREA-46,125.5
4.0,7.0,23.11,92.01,6.13,64.58,14.4,171.92,1.957,6.225,DAP-18-46,159.4
7.0,2.0,12.82,40.1,5.71,36.24,121.77,227.13,0.615,0.203,NPK-15-15-15,290.6
9.0,8.0,10.89,56.01,7.73,36.76,20.23,262.87,5.412,0.783,DAP-18-46,149.2
4.0,3.0,15.05,71.21,6.44,38.36,18.12,232.86,2.511,0.698,DAP-18-46,199.3
6.0,7.0,10.25,70.24,5.38,14.5,49.82,164.73,9.26,1.27,UREA-46,121.5
3.0,2.0,13.69,60.85,7.26,74.54,6.51,234.51,1.115,3.108,SA-21,199.9
6.0,4.0,21.21,87.12,5.63,36.82,15.72,107.23,6.838,0.1,NPK-10-26-26,143.7
8.0,3.0,19.75,61.63,4.19,56.58,1.0,140.02,2.771,11.585,KCL-60,253.9
2.0,5.0,24.79,78.51,6.32,18.25,37.32,165.79,0.829,1.477,SA-21,205.7
9.0,4.0,21.9,78.63,5.62,29.45,42.79,218.84,2.859,0.334,UREA-46,108.3
7.0,3.0,11.06,75.91,7.21,82.98,66.25,95.41,3.96,0.846,KCL-60,117.5
1.0,3.0,7.96,53.18,5.09,6.68,35.44,266.24,1.034,0.526,UREA-46,192.9
5.0,3.0,5.0,66.67,5.97,37.57,27.16,226.32,1.93,2.373,DAP-18-46,141.7
8.0,8.0,8.16,57.94,7.1,117.3,12.06,164.76,0.66,0.145,DAP-18-46,124.4
12.0,7.0,18.51,20.0,6.03,45.23,41.18,301.68,6.368,2.551,DAP-18-46,213.6
1.0,7.0,24.64,62.95,6.96,82.71,13.61,260.97,1.388,0.17,DAP-18-46,166.0
2.0,6.0,18.87,76.1,6.4,18.89,22.67,121.4,7.984,0.221,UREA-46,210.1
9.0,5.0,7.17,89.73,5.83,19.18,2.65,195.08,5.659,1.111,DAP-18-46,205.0
8.0,2.0,21.99,66.64,6.04,69.03,6.97,128.76,0.742,1.319,NPK-15-15-15,206.6
11.0,8.0,22.18,82.8,7.09,21.69,58.64,243.24,2.56,0.424,UREA-46,163.5
9.0,7.0,17.6,73.11,5.81,11.44,29.88,161.29,2.88,0.437,UREA-46,186.6
6.0,2.0,20.58,72.8,4.25,26.37,42.73,129.07,0.721,0.943,HUMUS-ORG,3446.4
6.0,3.0,14.67,41.58,6.64,31.73,21.6,165.06,0.816,4.071,KNO3-13-46,118.4
9.0,2.0,17.84,55.75,5.17,51.17,98.81,219.93,0.677,0.811,HUMUS-ORG,2349.1
3.0,7.0,19.08,73.77,6.01,38.85,19.11,214.21,2.866,0.701,DAP-18-46,138.3
1.0,3.0,11.58,32.83,7.24,19.34,16.44,152.03,4.891,0.1,UREA-46,162.9
12.0,8.0,18.92,83.33,6.21,54.71,85.38,159.53,7.307,3.723,UREA-46,195.3
9.0,8.0,26.79,54.89,7.99,34.13,36.98,201.92,4.973,1.166,UREA-46,226.7
12.0,4.0,18.02,93.42,4.79,39.64,12.59,196.24,5.893,1.229,DAP-18-46,224.3
11.0,1.0,11.61,86.48,5.55,84.53,44.71,166.14,1.704,1.449,UREA-46,168.2
10.0,3.0,5.0,40.4,5.33,9.6,59.22,30.0,6.721,2.246,UREA-46,119.6
8.0,8.0,26.34,60.14,7.05,32.21,44.13,162.0,1.17,2.659,UREA-46,242.2
7.0,7.0,12.57,47.57,6.06,87.94,34.54,115.03,3.491,0.679,DAP-18-46,184.9
6.0,2.0,18.35,52.12,7.61,17.72,19.51,155.29,1.127,0.573,MAP-12-61,105.9
8.0,5.0,18.85,55.93,5.29,21.27,33.27,221.56,3.751,0.994,UREA-46,204.1
4.0,3.0,14.09,53.59,6.67,40.4,34.96,41.05,0.835,0.282,KCL-60,265.5
3.0,7.0,14.26,78.41,5.06,9.74,10.53,207.24,4.408,0.228,UREA-46,181.8
2.0,2.0,18.77,58.27,5.45,11.77,119.36,142.73,2.256,0.187,UREA-46,125.4
3.0,1.0,31.59,67.09,4.68,38.25,39.05,180.87,0.56,0.842,HUMUS-ORG,2836.8
11.0,7.0,19.3,49.81,4.7,36.27,23.6,91.36,4.296,2.351,DAP-18-46,190.4
4.0,4.0,17.17,59.86,6.82,25.37,28.3,241.26,3.128,0.358,SA-21,174.4
2.0,3.0,20.2,42.78,5.3,9.94,30.67,211.08,2.148,2.254,UREA-46,200.9
4.0,8.0,31.76,62.71,5.82,81.88,29.56,30.0,5.079,0.205,KCL-60,260.0
10.0,4.0,18.8,62.62,4.77,87.06,24.21,220.57,4.03,0.128,NPK-15-15-15,381.1
5.0,8.0,17.02,46.07,6.28,102.13,50.14,30.0,1.458,3.37,KCL-60,229.0
11.0,6.0,12.5,89.4,7.25,137.13,23.27,182.4,2.49,0.717,DAP-18-46,191.1
12.0,3.0,16.02,61.19,5.64,16.35,118.48,30.0,5.671,8.129,KNO3-13-46,108.3
1.0,7.0,10.76,45.64,7.71,51.12,15.48,104.97,0.843,1.296,MAP-12-61,149.3
4.0,1.0,16.06,88.94,6.81,73.84,18.52,176.9,1.162,0.384,UREA-46,182.7
10.0,8.0,12.11,45.95,7.03,48.44,49.59,215.3,0.673,0.1,UREA-46,144.3
11.0,6.0,7.46,68.22,7.62,44.29,9.29,212.89,0.865,3.361,MAP-12-61,87.5
7.0,5.0,13.8,85.92,6.24,66.21,71.34,194.92,3.318,0.551,UREA-46,155.5
9.0,7.0,14.07,83.76,4.56,82.38,20.71,122.23,0.781,0.182,HUMUS-ORG,4823.1
8.0,1.0,7.24,40.6,5.56,61.56,7.79,190.49,0.911,0.973,DAP-18-46,190.3
2.0,6.0,15.59,78.15,6.63,6.92,26.21,235.15,0.607,0.678,UREA-46,114.8
8.0,5.0,12.87,46.5,7.99,47.61,12.2,193.4,1.661,1.429,MAP-12-61,132.4
10.0,8.0,25.21,70.71,6.16,45.62,46.98,251.89,7.57,0.199,UREA-46,231.3
7.0,2.0,21.36,50.36,6.11,36.59,27.29,217.81,2.141,2.489,NPK-15-15-15,387.6
11.0,7.0,14.46,80.2,6.04,45.96,17.38,132.83,6.317,0.725,DAP-18-46,132.4
1.0,4.0,19.96,86.75,7.23,39.56,52.43,225.89,2.782,0.802,NPK-15-15-15,389.5
7.0,4.0,16.6,64.27,5.83,78.41,46.49,253.21,5.039,1.175,KNO3-13-46,87.4
7.0,5.0,12.85,79.64,4.7,94.29,80.1,226.0,1.04,0.965,HUMUS-ORG,2022.0
3.0,5.0,24.33,95.0,5.74,108.21,34.66,288.12,1.503,1.335,DAP-18-46,168.1
1.0,1.0,21.87,78.41,5.37,14.93,37.25,83.61,0.965,0.1,UREA-46,149.7
9.0,8.0,23.72,95.0,6.68,15.16,18.07,220.59,2.715,0.179,UREA-46,149.8
12.0,7.0,30.06,47.17,7.09,27.84,40.98,165.7,3.865,1.421,UREA-46,102.5
3.0,2.0,14.37,79.86,5.51,46.5,7.68,242.74,2.039,1.689,SA-21,273.7
12.0,6.0,18.99,55.1,4.64,24.88,14.08,99.74,3.781,1.81,DAP-18-46,188.4
11.0,2.0,10.92,69.74,8.5,36.99,14.51,130.07,2.575,0.454,MAP-12-61,149.5
9.0,7.0,18.37,39.67,6.05,19.95,66.24,150.45,1.005,0.576,HUMUS-ORG,3246.5
11.0,1.0,16.11,61.43,5.59,13.95,23.66,290.26,0.835,0.439,UREA-46,196.3
9.0,5.0,11.66,64.72,4.66,53.53,41.7,247.1,1.238,0.595,HUMUS-ORG,2493.9
12.0,8.0,13.11,45.81,8.11,38.9,29.1,76.52,1.102,0.5,KCL-60,180.1
9.0,7.0,24.41,75.87,8.27,46.11,30.49,260.57,5.796,0.1,HUMUS-ORG,2693.2
9.0,6.0,13.06,52.06,8.04,20.93,38.14,266.56,1.822,0.353,UREA-46,246.5
7.0,5.0,16.93,72.12,6.82,60.73,86.31,157.27,3.285,1.96,UREA-46,186.3
10.0,7.0,6.13,65.84,7.91,59.95,6.98,129.38,1.054,2.294,MAP-12-61,170.9
4.0,7.0,20.53,69.8,5.89,137.06,15.33,165.39,2.165,0.173,DAP-18-46,137.3
12.0,8.0,19.55,68.83,6.9,85.71,42.5,113.95,7.752,1.721,DAP-18-46,149.7
1.0,6.0,18.96,95.0,5.88,71.22,57.99,79.37,3.984,2.507,KCL-60,289.1
6.0,3.0,13.44,68.2,7.34,58.12,13.99,176.62,1.041,2.577,KNO3-13-46,117.7
1.0,2.0,26.77,31.81,5.99,63.34,102.11,30.0,3.557,3.83,KCL-60,128.4
12.0,8.0,19.88,46.79,5.23,6.93,14.61,221.74,3.47,1.49,UREA-46,229.5
2.0,8.0,18.36,71.26,6.37,9.16,8.05,176.72,0.825,0.806,DAP-18-46,109.5
11.0,6.0,5.0,39.85,6.28,40.7,19.52,250.26,0.869,0.486,DAP-18-46,106.9
4.0,5.0,25.32,79.33,6.97,19.68,8.38,30.0,2.129,2.972,NPK-15-15-15,176.4
11.0,4.0,7.12,66.94,6.7,66.31,54.45,241.4,3.557,0.552,KNO3-13-46,74.2
11.0,3.0,23.2,83.03,6.89,105.86,10.15,114.82,1.302,1.47,DAP-18-46,112.2
6.0,5.0,23.22,85.07,6.38,70.18,32.95,140.03,0.596,2.476,DAP-18-46,148.1
7.0,8.0,23.46,52.22,5.98,94.07,16.18,188.8,1.486,4.62,DAP-18-46,118.3
6.0,8.0,18.69,44.9,5.94,6.09,8.64,30.0,9.985,2.474,NPK-15-15-15,334.4
10.0,2.0,15.26,82.37,7.21,78.4,63.91,259.26,1.487,0.1,KNO3-13-46,126.1
1.0,4.0,17.45,41.77,5.63,35.3,20.52,160.72,5.026,1.047,NPK-15-15-15,153.6
11.0,7.0,18.32,69.37,7.15,131.95,46.52,78.9,3.518,0.324,KCL-60,189.4
12.0,6.0,11.94,95.0,5.49,32.23,42.53,135.7,8.031,0.353,UREA-46,139.1
11.0,2.0,23.41,84.08,6.23,90.09,21.44,366.7,2.126,2.191,KCL-60,225.7
2.0,1.0,19.67,80.51,5.08,44.85,16.89,93.25,4.71,0.722,UREA-46,119.8
10.0,3.0,13.31,46.55,7.26,66.01,14.79,222.69,2.083,2.421,DAP-18-46,127.0
4.0,2.0,16.03,79.42,5.2,18.03,26.72,69.32,0.71,0.239,HUMUS-ORG,2893.9
1.0,8.0,11.63,64.18,6.63,15.99,91.4,115.43,2.478,3.237,UREA-46,183.1
1.0,2.0,12.43,84.25,5.04,100.52,8.05,165.96,2.687,1.298,NPK-12-24-12,110.9
11.0,7.0,20.45,59.41,6.18,52.66,15.91,213.45,1.028,3.737,DAP-18-46,183.0
12.0,1.0,7.22,53.1,6.98,84.86,112.68,285.03,1.536,1.18,KNO3-13-46,54.1
6.0,6.0,15.78,64.25,6.06,41.94,19.43,368.13,3.21,0.371,DAP-18-46,116.9
7.0,1.0,17.3,94.97,5.4,88.35,20.57,247.83,1.98,0.198,DAP-18-46,130.9
4.0,8.0,22.52,43.63,6.36,22.72,42.12,232.67,4.171,5.558,UREA-46,186.0
2.0,4.0,14.57,68.54,7.11,43.64,21.0,173.02,1.539,3.056,NPK-15-15-15,172.0
7.0,3.0,11.06,81.63,6.68,75.92,6.87,121.82,2.325,2.068,DAP-18-46,225.5
6.0,8.0,18.8,69.33,5.22,53.17,10.57,108.32,4.81,0.16,DAP-18-46,218.8
3.0,1.0,30.09,88.23,5.84,42.9,93.58,195.33,4.091,1.344,NPK-15-15-15,198.0
3.0,3.0,26.18,94.53,8.5,20.67,24.97,136.14,1.014,0.133,NPK-15-15-15,259.1
6.0,2.0,20.66,34.36,6.7,111.4,26.0,111.29,0.594,0.966,NPK-10-26-26,150.4
7.0,6.0,18.18,60.14,6.1,22.09,101.98,210.17,1.175,0.991,UREA-46,164.4
8.0,4.0,13.71,54.02,7.62,12.7,30.03,162.99,1.261,0.822,UREA-46,106.0
3.0,3.0,28.11,95.0,5.09,8.9,17.08,153.87,8.974,5.264,UREA-46,229.8
8.0,1.0,23.17,39.51,5.16,52.52,14.83,162.28,0.645,0.997,HUMUS-ORG,4738.4
5.0,2.0,8.3,70.39,7.04,40.69,22.76,211.46,2.811,0.125,NPK-15-15-15,320.8
10.0,2.0,11.88,68.71,7.52,33.11,60.22,202.34,2.942,0.211,UREA-46,146.5
10.0,8.0,19.14,70.35,5.13,23.41,35.7,168.41,2.897,0.1,UREA-46,148.9
1.0,3.0,15.62,73.44,6.08,182.15,48.84,259.55,0.522,0.722,KNO3-13-46,80.2
1.0,4.0,5.0,67.55,7.41,22.64,98.57,73.9,2.174,2.515,NPK-15-15-15,174.8
6.0,4.0,10.5,75.15,6.8,200.0,3.53,94.8,1.773,0.416,NPK-10-26-26,130.5
6.0,4.0,11.96,34.23,6.79,44.31,53.4,313.22,3.15,0.48,NPK-10-26-26,189.0
9.0,7.0,27.78,58.29,5.98,7.91,14.13,169.02,2.689,3.236,UREA-46,122.8
1.0,6.0,12.72,95.0,5.54,46.38,8.4,281.75,0.598,0.689,DAP-18-46,246.9
3.0,3.0,23.35,65.08,6.76,82.13,50.39,30.0,1.72,5.104,KCL-60,239.4
6.0,2.0,17.64,85.3,6.28,27.86,59.12,141.81,2.539,0.1,NPK-10-26-26,245.8
5.0,5.0,16.39,31.95,5.81,22.53,11.41,123.04,2.095,0.387,DAP-18-46,124.9
4.0,3.0,16.95,73.85,6.19,19.43,65.88,152.57,10.793,0.1,UREA-46,114.5
12.0,1.0,12.92,54.47,5.77,37.02,27.03,174.95,4.325,0.1,DAP-18-46,214.3
1.0,6.0,25.7,21.32,4.05,94.89,64.38,54.75,7.04,4.908,KCL-60,201.8
4.0,6.0,19.46,45.38,5.31,25.92,150.0,129.89,0.715,0.252,HUMUS-ORG,3318.7
6.0,5.0,12.86,44.73,5.97,143.23,79.77,31.25,6.509,0.1,KCL-60,262.1
3.0,8.0,18.27,75.05,7.87,60.44,140.63,35.69,2.405,0.78,KCL-60,133.8
6.0,1.0,17.97,86.21,4.96,43.99,35.51,180.68,2.863,0.695,DAP-18-46,215.8
3.0,7.0,8.62,43.77,7.49,34.74,38.97,251.37,4.652,0.408,UREA-46,133.7
1.0,2.0,18.99,95.0,6.64,43.58,55.4,92.67,5.562,1.312,NPK-12-24-12,243.6
7.0,4.0,17.45,49.02,7.1,19.75,92.36,156.66,9.0,0.879,UREA-46,148.1
11.0,6.0,11.27,81.73,6.08,24.83,8.42,171.9,1.034,0.555,DAP-18-46,246.2
2.0,2.0,30.56,37.79,7.24,52.26,5.95,194.86,2.767,2.018,UREA-46,131.6
12.0,7.0,9.1,61.25,7.29,33.84,5.4,116.6,1.101,0.794,DAP-18-46,205.6
11.0,5.0,10.16,36.24,5.63,16.48,14.66,40.34,4.26,2.931,NPK-15-15-15,361.2
11.0,6.0,11.24,85.3,6.34,8.71,21.82,93.87,4.134,0.544,UREA-46,221.7
3.0,4.0,28.2,57.77,6.81,41.86,68.08,128.35,2.6,0.482,UREA-46,171.2
5.0,2.0,23.65,68.45,7.95,44.38,6.17,53.43,1.429,0.301,KCL-60,200.8
9.0,2.0,16.51,34.89,6.56,18.07,44.16,234.42,0.802,1.549,NPK-12-24-12,266.9
5.0,1.0,14.42,95.0,5.73,50.91,1.9,136.32,2.471,0.215,UREA-46,203.7
2.0,7.0,5.0,95.0,6.47,87.12,47.03,195.83,0.798,0.1,DAP-18-46,138.6
10.0,7.0,13.88,39.21,6.33,84.99,36.95,137.38,1.304,1.529,HUMUS-ORG,3022.9
4.0,6.0,12.6,47.64,7.17,87.12,98.13,265.75,3.106,0.206,KNO3-13-46,115.0
7.0,1.0,17.25,80.24,6.1,78.11,33.22,175.11,1.892,0.95,DAP-18-46,239.3
10.0,2.0,19.57,29.91,5.88,16.47,37.45,255.67,1.28,0.569,UREA-46,118.8
11.0,8.0,18.61,56.31,4.6,2.05,31.12,235.67,1.867,2.738,UREA-46,231.6
8.0,1.0,9.86,69.02,6.7,15.4,45.59,119.09,2.477,0.144,UREA-46,213.5
6.0,8.0,16.55,70.16,6.72,29.57,5.37,185.15,1.067,9.582,DAP-18-46,181.2
9.0,7.0,8.21,57.74,6.65,60.41,57.54,258.45,3.459,0.548,KNO3-13-46,125.9
11.0,1.0,18.15,50.26,5.04,40.97,17.93,224.3,3.293,1.031,UREA-46,242.5
4.0,1.0,17.71,58.91,6.77,66.42,9.65,190.68,2.152,0.1,UREA-46,238.2
8.0,4.0,13.96,53.47,5.46,104.4,29.4,143.21,2.2,3.639,DAP-18-46,239.2
10.0,3.0,11.82,46.21,6.98,11.85,68.2,156.46,0.773,1.603,UREA-46,236.0
7.0,8.0,17.7,73.8,6.34,26.26,8.5,157.88,0.888,0.166,DAP-18-46,163.4
1.0,5.0,11.14,74.75,7.41,34.52,36.36,297.37,1.273,0.1,DAP-18-46,168.3
12.0,7.0,16.63,45.42,5.25,7.65,17.54,237.74,0.853,3.271,UREA-46,141.3
9.0,3.0,19.71,70.77,5.65,5.14,4.38,192.95,1.991,4.233,DAP-18-46,242.9
10.0,1.0,15.13,95.0,5.86,13.21,5.43,92.79,4.418,1.712,NPK-15-15-15,224.9
2.0,1.0,16.99,68.41,6.29,104.68,9.42,120.02,3.34,0.405,UREA-46,112.6
2.0,4.0,14.96,61.76,6.34,28.23,41.08,115.07,0.743,0.765,NPK-15-15-15,254.7
4.0,1.0,21.21,69.96,7.34,76.15,11.48,30.0,0.663,1.417,KCL-60,296.7
9.0,2.0,14.32,68.53,6.69,200.0,20.25,283.3,4.479,1.357,NPK-12-24-12,277.3
1.0,4.0,27.81,88.61,5.22,12.66,4.38,219.14,1.094,1.998,DAP-18-46,148.0
8.0,2.0,26.65,55.78,6.25,32.76,23.2,171.53,3.665,0.877,NPK-15-15-15,333.1
7.0,7.0,9.86,72.46,6.78,74.28,20.23,148.38,3.266,0.892,DAP-18-46,173.2
2.0,5.0,9.21,88.67,6.19,37.5,31.1,148.74,2.706,1.017,SA-21,188.5
7.0,6.0,19.69,61.89,6.53,39.79,26.74,189.96,1.678,0.157,DAP-18-46,193.4
9.0,2.0,13.85,77.38,5.91,108.67,37.66,30.0,0.72,6.258,KCL-60,233.3
1.0,3.0,20.88,46.01,6.94,65.18,35.56,200.11,0.705,0.603,UREA-46,137.2
8.0,3.0,18.91,65.18,6.6,52.29,3.66,158.38,3.53,0.534,KCL-60,153.8
2.0,6.0,16.36,84.15,6.48,97.29,29.2,185.92,2.336,0.1,DAP-18-46,112.1
1.0,7.0,11.52,88.18,6.74,17.05,18.59,266.73,8.876,0.479,UREA-46,159.9
3.0,4.0,19.4,95.0,6.98,5.35,1.23,264.36,8.161,3.503,DAP-18-46,207.1
6.0,4.0,18.21,95.0,6.12,24.41,31.53,170.52,2.874,0.257,NPK-10-26-26,244.4
12.0,6.0,19.16,53.28,6.89,74.99,92.22,190.29,4.001,0.213,UREA-46,182.0
12.0,8.0,17.01,50.12,6.73,13.67,37.58,115.04,1.6,2.333,UREA-46,135.1
5.0,6.0,24.65,51.37,5.78,37.81,4.9,37.34,0.811,0.906,KCL-60,270.6
1.0,1.0,21.87,65.35,4.11,89.32,18.69,30.0,5.19,2.675,KCL-60,180.7
1.0,8.0,34.53,59.5,6.86,33.41,14.37,148.01,7.954,0.546,DAP-18-46,125.3
1.0,8.0,22.41,71.64,5.78,23.02,29.28,105.63,1.01,1.032,UREA-46,141.4
9.0,2.0,19.35,54.58,6.14,15.46,33.87,370.32,4.764,1.725,NPK-12-24-12,136.7
10.0,7.0,21.77,59.97,6.06,36.25,6.95,199.3,6.919,1.181,HUMUS-ORG,2809.2
10.0,1.0,23.21,43.65,6.73,41.61,12.51,119.3,1.679,2.118,DAP-18-46,180.9
10.0,4.0,22.11,62.45,7.25,37.78,14.54,218.35,2.295,1.002,NPK-15-15-15,306.3
3.0,3.0,25.09,95.0,6.98,20.59,48.78,113.91,1.216,0.699,NPK-15-15-15,213.7
8.0,1.0,19.87,40.12,5.0,39.71,10.04,147.8,5.919,0.1,DAP-18-46,232.4
12.0,5.0,25.31,48.46,5.78,34.93,15.19,160.47,1.242,0.146,DAP-18-46,115.1
6.0,2.0,12.27,71.65,6.31,12.53,55.97,192.55,4.145,3.919,UREA-46,172.6
2.0,4.0,17.97,53.17,5.97,22.44,40.76,210.23,1.641,0.701,NPK-15-15-15,187.9
2.0,7.0,12.59,75.86,5.47,48.2,12.23,31.12,6.557,1.211,KCL-60,134.9
10.0,2.0,20.53,83.03,7.0,101.59,68.37,108.08,3.873,2.122,DAP-18-46,191.0
10.0,1.0,15.31,69.29,5.04,25.75,8.75,30.0,2.916,1.634,DAP-18-46,225.4
1.0,8.0,18.02,87.14,7.08,20.23,71.16,121.75,2.734,1.586,UREA-46,138.3
12.0,1.0,15.69,72.82,6.42,73.72,37.24,68.86,5.557,0.849,KCL-60,293.3
2.0,1.0,16.09,46.46,6.09,92.57,56.3,161.14,3.723,0.56,UREA-46,217.4
8.0,7.0,27.17,63.54,5.29,18.45,20.58,189.27,1.623,1.114,UREA-46,200.6
9.0,1.0,18.87,70.06,7.87,16.04,38.11,230.13,1.613,0.127,UREA-46,129.0
1.0,1.0,12.74,21.72,6.48,47.34,9.84,221.72,1.027,0.926,NPK-15-15-15,221.6
8.0,3.0,26.07,88.28,5.92,19.17,13.16,202.79,3.592,0.1,KCL-60,203.6
11.0,7.0,16.27,91.84,6.73,110.51,15.75,148.13,6.412,1.17,DAP-18-46,194.4
2.0,4.0,21.13,86.36,5.56,109.08,30.18,80.84,3.329,1.119,NPK-15-15-15,329.5
5.0,8.0,21.2,48.53,6.91,64.27,21.95,276.63,3.116,1.949,DAP-18-46,195.1
1.0,2.0,29.75,32.27,6.03,116.22,23.74,198.56,2.687,4.837,NPK-12-24-12,232.1
8.0,8.0,17.62,58.64,7.14,15.13,9.97,163.02,1.431,3.256,DAP-18-46,216.2
7.0,2.0,14.08,80.17,7.04,5.54,41.65,138.67,2.198,0.299,UREA-46,210.2
10.0,8.0,13.15,64.68,7.59,34.53,83.36,235.12,3.626,0.436,UREA-46,198.5
7.0,5.0,20.95,65.74,5.54,41.96,52.87,157.84,1.031,1.433,UREA-46,160.9
6.0,4.0,10.34,50.06,6.48,23.13,46.88,126.25,0.683,4.078,NPK-10-26-26,215.0
7.0,8.0,20.9,84.1,6.23,19.01,24.52,100.38,2.147,1.462,UREA-46,101.5
6.0,8.0,21.87,64.78,5.09,50.68,25.94,47.46,1.114,5.073,KCL-60,126.1
8.0,7.0,14.1,75.99,6.15,6.25,8.98,233.35,6.667,2.892,DAP-18-46,202.5
7.0,8.0,21.12,72.67,6.24,27.77,50.33,135.35,1.095,2.359,UREA-46,128.0
5.0,1.0,23.56,81.27,6.0,84.88,10.6,119.96,1.123,3.891,UREA-46,230.2
11.0,5.0,18.81,60.03,6.49,43.16,16.47,181.29,3.48,1.672,DAP-18-46,136.1
10.0,4.0,13.11,85.11,4.51,21.23,6.98,39.97,0.504,0.499,DAP-18-46,232.2
1.0,6.0,9.09,94.85,5.29,81.19,4.25,280.84,3.941,1.197,DAP-18-46,167.9
8.0,4.0,19.26,66.09,6.8,37.0,23.47,186.74,1.538,1.904,DAP-18-46,143.0
11.0,1.0,6.92,57.28,7.13,63.61,11.95,139.19,6.838,1.307,UREA-46,180.0
9.0,7.0,24.96,55.89,5.28,15.84,23.72,211.95,5.592,2.166,HUMUS-ORG,2743.4
6.0,1.0,19.75,55.87,5.74,31.87,36.64,105.7,2.159,1.167,UREA-46,222.8
4.0,2.0,21.6,82.24,7.83,33.77,9.65,345.46,3.05,0.619,MAP-12-61,170.7
7.0,5.0,17.39,49.84,6.88,40.57,59.49,55.3,6.222,3.399,KCL-60,237.1
2.0,2.0,12.21,55.31,5.78,14.16,13.43,120.9,2.623,0.875,UREA-46,152.0
4.0,5.0,19.63,72.51,7.27,12.5,11.77,136.17,1.207,0.1,UREA-46,119.8
8.0,5.0,20.17,36.0,8.1,22.5,58.29,92.55,0.541,0.699,UREA-46,152.8
11.0,3.0,22.06,45.57,6.45,70.81,35.47,138.06,1.373,1.27,DAP-18-46,211.8
4.0,3.0,15.69,31.38,8.01,106.25,9.89,101.56,4.84,2.918,MAP-12-61,121.5
3.0,8.0,9.0,58.76,7.08,9.41,54.67,65.11,0.735,0.617,UREA-46,113.5
1.0,2.0,16.92,89.69,5.31,40.87,77.48,102.78,5.448,0.973,NPK-12-24-12,298.9
5.0,1.0,8.34,52.45,4.57,16.3,8.71,165.33,2.623,10.71,DAP-18-46,143.0
1.0,1.0,16.22,59.58,7.02,101.13,98.61,155.56,1.495,0.18,NPK-15-15-15,367.5
6.0,4.0,7.79,54.9,5.9,199.8,5.58,30.0,2.249,0.57,KCL-60,245.8
10.0,7.0,19.01,85.92,5.71,34.81,9.11,158.01,8.65,0.563,HUMUS-ORG,2294.1
1.0,2.0,16.86,38.05,7.43,62.28,15.17,89.95,4.218,0.1,NPK-12-24-12,102.6
4.0,8.0,11.42,63.78,6.59,40.03,25.19,135.43,1.049,0.36,DAP-18-46,201.4
5.0,8.0,23.05,65.42,7.42,9.38,87.08,30.0,2.785,0.112,UREA-46,134.0
7.0,1.0,23.23,94.05,6.22,58.28,121.68,293.17,1.141,3.093,UREA-46,222.2
10.0,1.0,21.87,48.86,5.17,11.15,17.52,139.7,1.525,0.598,UREA-46,142.7
2.0,6.0,21.52,52.86,6.99,15.37,16.75,175.74,7.211,0.348,UREA-46,153.7
3.0,2.0,18.86,95.0,7.33,65.97,21.92,292.71,2.142,1.712,SA-21,321.8
8.0,7.0,22.61,78.69,5.0,70.37,13.13,301.86,4.017,1.674,DAP-18-46,179.7
6.0,7.0,19.79,69.59,6.47,92.72,21.43,303.76,1.327,1.92,DAP-18-46,229.3
10.0,5.0,10.59,65.76,6.13,8.8,30.18,129.87,1.412,1.348,UREA-46,180.7
4.0,7.0,27.09,71.87,5.86,93.15,5.0,310.94,1.98,0.1,DAP-18-46,222.9
11.0,5.0,12.72,38.73,4.39,149.41,71.95,262.48,3.438,3.497,KNO3-13-46,135.0
7.0,7.0,20.59,42.04,6.08,38.38,21.43,222.66,4.188,0.1,DAP-18-46,129.1
4.0,1.0,15.1,80.15,5.25,4.19,5.11,168.66,7.095,1.3,DAP-18-46,200.1
3.0,2.0,25.17,37.66,6.65,30.4,14.58,127.08,1.221,2.459,SA-21,205.9
2.0,7.0,24.71,65.23,6.04,27.08,43.37,196.84,8.522,2.36,UREA-46,190.6
11.0,4.0,17.83,67.14,6.6,18.78,23.03,350.85,5.022,0.462,UREA-46,167.3
5.0,7.0,24.76,76.68,7.68,10.62,76.8,120.85,0.551,0.344,UREA-46,173.1
8.0,5.0,22.62,65.88,4.54,2.0,46.76,159.83,6.543,4.305,UREA-46,178.0
12.0,8.0,15.32,71.07,5.81,38.0,7.77,90.18,1.916,1.464,DAP-18-46,111.2
10.0,5.0,19.78,42.06,6.96,73.8,14.08,300.46,2.155,1.567,DAP-18-46,102.8
8.0,3.0,8.88,82.07,6.4,17.95,19.51,205.58,0.612,0.405,KCL-60,277.9
8.0,4.0,9.34,77.36,6.64,29.88,36.35,241.49,1.031,1.092,UREA-46,236.2
4.0,7.0,19.1,57.54,6.97,15.98,23.4,257.61,2.144,0.11,UREA-46,141.7
2.0,3.0,19.92,68.52,7.37,80.74,7.14,274.3,2.095,1.272,NIT-27,85.6
9.0,3.0,23.06,69.89,5.46,24.68,29.26,104.22,4.794,1.317,UREA-46,176.3
6.0,4.0,24.01,48.86,4.0,47.67,30.6,136.66,1.307,3.53,HUMUS-ORG,4453.6
3.0,3.0,14.84,85.29,5.67,40.58,14.35,30.0,2.125,0.956,KCL-60,135.2
9.0,1.0,20.0,61.45,6.47,64.43,45.51,222.64,1.136,0.94,KNO3-13-46,76.5
3.0,8.0,23.36,70.83,6.12,23.71,42.61,170.88,6.321,3.085,UREA-46,110.7
6.0,6.0,16.37,68.47,6.22,153.73,20.93,183.47,1.237,2.933,DAP-18-46,182.0
1.0,6.0,22.57,30.05,6.75,26.66,6.25,220.54,4.003,5.168,DAP-18-46,216.9
7.0,4.0,7.18,69.81,6.32,87.72,10.53,205.58,6.643,0.462,DAP-18-46,235.6
10.0,3.0,14.24,66.32,4.74,16.6,31.75,30.0,1.596,0.58,UREA-46,244.6
2.0,8.0,17.66,58.11,5.86,17.55,44.39,336.0,0.638,0.227,UREA-46,193.4
9.0,6.0,18.46,76.21,6.46,41.21,9.94,322.56,6.153,1.588,DAP-18-46,152.4
2.0,2.0,21.09,86.41,5.4,47.09,9.48,100.84,2.135,0.772,UREA-46,122.7
10.0,7.0,13.46,80.61,6.27,16.84,13.58,219.91,2.839,0.773,HUMUS-ORG,2623.5
3.0,3.0,22.88,87.0,5.9,43.25,25.26,87.34,4.925,0.646,NPK-15-15-15,256.2
11.0,6.0,19.76,48.39,7.19,46.01,28.06,222.43,3.653,1.836,DAP-18-46,135.1
12.0,1.0,11.16,93.89,6.76,12.59,50.47,182.89,3.461,1.098,UREA-46,144.7
10.0,5.0,5.0,77.31,5.47,33.43,9.9,201.49,3.407,0.59,DAP-18-46,114.2
11.0,1.0,25.81,49.0,7.44,74.01,43.51,265.54,2.959,0.245,KNO3-13-46,96.9
5.0,3.0,21.97,45.1,4.89,43.0,12.15,284.73,2.46,0.545,DAP-18-46,127.3
12.0,8.0,12.66,76.3,5.38,39.36,18.47,159.1,1.426,1.635,HUMUS-ORG,3997.4
2.0,1.0,9.75,61.78,6.06,21.41,14.2,108.32,0.695,0.216,UREA-46,196.7
6.0,8.0,20.93,95.0,6.91,8.6,19.26,144.22,2.816,3.076,UREA-46,249.8
12.0,3.0,9.65,56.32,6.07,19.86,62.11,64.23,1.709,2.718,KNO3-13-46,115.1
6.0,7.0,24.13,55.4,4.0,39.06,26.55,126.01,0.872,0.868,HUMUS-ORG,3489.0
1.0,2.0,21.03,63.44,7.33,16.66,20.05,30.12,5.435,0.122,NPK-12-24-12,114.5
5.0,1.0,21.88,45.22,7.33,16.15,10.41,186.56,1.84,0.594,UREA-46,191.0
1.0,8.0,25.09,72.26,5.33,67.87,6.76,30.0,2.554,1.956,KCL-60,171.0
3.0,2.0,25.47,95.0,5.01,17.39,8.18,56.45,5.088,1.812,NPK-15-15-15,347.3
4.0,8.0,8.0,38.09,6.32,17.43,4.05,244.77,4.925,1.826,DAP-18-46,241.9
10.0,8.0,15.33,95.0,5.47,28.89,26.83,190.07,3.825,1.635,DAP-18-46,117.0
1.0,7.0,23.85,65.01,6.82,5.64,44.25,229.85,6.712,1.834,UREA-46,200.8
5.0,6.0,29.95,72.07,7.63,36.67,8.23,148.48,3.727,3.377,MAP-12-61,91.8
3.0,6.0,12.01,74.34,6.98,26.29,34.14,86.38,1.525,0.356,UREA-46,147.0
9.0,8.0,9.39,54.57,4.48,61.83,97.0,164.9,2.586,0.257,UREA-46,203.6
9.0,6.0,22.74,70.5,7.01,64.89,16.86,257.44,10.776,1.651,DAP-18-46,106.6
2.0,5.0,18.97,45.97,6.08,17.47,37.68,205.39,2.152,1.735,SA-21,305.8
2.0,5.0,19.01,82.06,6.66,21.0,5.65,218.91,5.242,1.943,DAP-18-46,226.3
5.0,1.0,24.8,43.15,5.93,73.78,9.82,206.47,7.305,1.11,UREA-46,143.7
1.0,7.0,26.79,95.0,6.2,31.29,14.01,244.33,2.607,2.011,DAP-18-46,121.2
3.0,4.0,11.92,69.02,7.28,100.48,11.01,203.64,0.585,1.233,DAP-18-46,204.2
7.0,4.0,15.88,64.73,5.96,29.8,11.32,189.19,0.89,1.782,DAP-18-46,121.3
3.0,2.0,10.72,58.73,6.35,110.67,11.47,129.01,2.053,2.464,SA-21,185.9
11.0,8.0,8.59,44.54,6.36,44.23,33.92,202.28,3.304,0.215,DAP-18-46,220.9
3.0,8.0,12.35,27.39,7.39,96.91,28.95,237.61,8.635,1.384,DAP-18-46,183.9
8.0,5.0,27.18,50.99,7.25,30.77,17.78,136.21,2.252,1.85,DAP-18-46,137.3
5.0,2.0,22.51,50.34,7.41,36.51,68.21,250.71,3.043,0.507,NPK-15-15-15,223.4
7.0,3.0,18.01,86.29,5.33,30.23,84.3,192.54,1.069,0.238,HUMUS-ORG,4567.5
9.0,4.0,14.44,50.48,6.01,61.38,14.71,47.78,5.151,0.41,KCL-60,183.0
3.0,4.0,5.0,41.43,7.22,40.2,32.05,129.89,8.157,1.168,DAP-18-46,207.3
6.0,5.0,16.44,41.58,4.87,6.98,47.1,137.04,3.211,0.349,UREA-46,235.9
1.0,6.0,19.17,83.95,5.55,34.49,51.34,210.98,2.203,0.189,UREA-46,102.0
10.0,1.0,22.04,55.99,5.19,44.04,20.49,206.96,1.816,0.513,DAP-18-46,102.2
8.0,4.0,7.87,41.3,5.95,170.11,17.95,219.56,3.957,0.598,DAP-18-46,191.6
2.0,8.0,27.48,43.18,8.14,88.2,6.25,224.85,1.753,0.571,MAP-12-61,120.0
1.0,1.0,15.89,61.65,6.06,110.05,101.95,38.34,1.81,0.589,KCL-60,256.3
7.0,5.0,14.35,64.49,5.2,71.54,9.03,263.81,3.796,0.849,DAP-18-46,202.0
1.0,8.0,16.19,92.37,8.16,12.51,15.9,89.4,3.009,0.168,UREA-46,194.3
8.0,1.0,19.59,56.54,6.14,12.16,16.07,131.96,3.109,0.353,UREA-46,121.8
8.0,4.0,21.76,85.01,5.28,10.89,36.26,219.83,6.627,3.18,UREA-46,250.0
11.0,2.0,20.88,91.27,6.78,21.43,4.01,38.74,0.546,0.473,DAP-18-46,220.7
5.0,5.0,16.02,93.57,6.04,15.84,53.68,77.8,0.868,1.742,UREA-46,237.0
11.0,2.0,21.21,66.25,4.96,27.49,32.86,265.88,1.559,7.075,KCL-60,120.4
7.0,8.0,19.64,53.51,6.34,82.0,10.32,224.38,1.393,2.439,DAP-18-46,140.8
12.0,5.0,14.04,51.05,7.06,25.51,41.02,222.3,0.653,1.416,UREA-46,156.7
9.0,5.0,13.61,80.8,6.33,18.96,21.09,144.19,4.597,0.475,UREA-46,170.7
12.0,3.0,12.15,62.24,6.66,53.57,38.85,140.53,3.073,0.596,KNO3-13-46,136.0
4.0,4.0,6.05,41.9,5.74,23.84,7.44,193.82,1.506,0.498,DAP-18-46,183.3
12.0,7.0,22.56,66.04,6.07,72.43,38.18,256.43,2.39,0.806,DAP-18-46,227.6
4.0,6.0,16.97,84.77,6.52,40.72,70.11,64.93,4.735,6.667,KCL-60,177.8
8.0,3.0,20.64,87.82,6.18,57.13,35.96,179.7,9.6,1.633,KCL-60,181.6
3.0,2.0,12.58,79.57,6.31,17.27,30.77,114.88,1.333,0.1,SA-21,175.4
10.0,1.0,15.81,74.08,6.67,158.17,15.38,194.56,1.761,4.979,DAP-18-46,180.8
10.0,8.0,20.19,52.76,5.04,137.97,7.04,161.67,1.468,0.436,HUMUS-ORG,3602.7
4.0,8.0,17.98,95.0,6.86,45.23,22.63,189.86,0.739,0.1,DAP-18-46,220.9
3.0,5.0,21.1,56.01,6.14,31.25,27.49,117.45,3.778,0.1,DAP-18-46,114.2
7.0,8.0,15.36,54.28,6.23,31.83,51.76,96.77,1.081,0.712,UREA-46,147.5
8.0,5.0,21.7,34.73,6.79,28.25,30.58,150.37,0.651,0.547,UREA-46,123.6
4.0,7.0,5.57,82.88,8.5,26.53,15.58,210.84,1.035,0.154,MAP-12-61,169.8
1.0,2.0,5.62,78.57,6.41,34.81,14.89,161.75,2.732,0.153,NPK-12-24-12,209.6
11.0,6.0,21.24,87.01,6.63,51.34,1.0,106.27,3.267,0.365,DAP-18-46,188.6
3.0,4.0,21.61,75.41,5.39,24.65,142.46,114.66,1.09,1.033,HUMUS-ORG,3428.1
12.0,8.0,17.8,63.43,7.68,43.76,43.93,178.72,5.922,1.571,UREA-46,124.5
8.0,7.0,19.87,46.52,5.72,7.89,38.7,225.09,0.841,3.504,UREA-46,200.8
12.0,7.0,5.64,33.93,6.07,39.92,47.33,232.97,0.551,0.979,UREA-46,177.1
6.0,7.0,19.37,47.07,6.87,51.61,114.42,209.4,7.787,3.986,UREA-46,157.2
9.0,3.0,21.34,28.42,5.36,58.06,38.14,190.38,0.794,0.292,HUMUS-ORG,3286.0
5.0,5.0,6.04,88.41,5.46,23.67,24.84,201.44,0.834,0.1,HUMUS-ORG,2037.3
1.0,7.0,21.12,63.71,6.16,73.86,52.13,155.95,2.089,1.126,DAP-18-46,250.0
8.0,1.0,26.75,81.24,6.42,89.9,19.77,121.77,3.422,1.404,DAP-18-46,180.7
2.0,6.0,11.78,47.71,5.08,26.67,12.72,191.08,4.925,1.24,DAP-18-46,200.6
12.0,8.0,16.43,31.86,4.52,27.98,41.83,96.23,5.243,2.809,UREA-46,153.5
4.0,6.0,5.0,68.47,6.53,27.05,21.17,296.43,4.075,0.244,DAP-18-46,185.8
12.0,8.0,17.0,80.16,5.56,62.21,4.98,40.5,1.862,0.319,KCL-60,166.8
11.0,4.0,8.52,54.36,6.74,25.85,11.82,324.83,5.392,0.187,DAP-18-46,217.8
7.0,7.0,20.08,52.67,6.79,15.68,32.14,170.36,1.501,4.913,UREA-46,235.2
1.0,6.0,15.56,36.4,4.51,11.54,9.87,41.67,0.969,3.098,NPK-15-15-15,326.2
10.0,6.0,25.89,88.12,6.33,117.19,36.07,193.96,2.303,0.395,DAP-18-46,127.2
4.0,5.0,17.43,44.99,5.07,26.25,15.48,102.69,9.459,0.25,DAP-18-46,210.0
1.0,5.0,19.74,63.44,7.22,11.22,7.52,30.0,1.265,0.661,NPK-15-15-15,190.7
12.0,6.0,21.65,84.95,6.17,52.93,28.62,67.51,9.155,0.15,KCL-60,178.0
11.0,1.0,11.18,69.53,5.7,130.63,41.23,222.41,0.841,2.942,KNO3-13-46,109.5
4.0,6.0,21.04,74.51,5.69,16.38,122.53,249.36,1.35,0.446,UREA-46,199.6
4.0,7.0,13.99,81.96,6.18,20.96,10.42,228.14,0.98,0.332,DAP-18-46,142.1
2.0,5.0,12.71,43.51,5.05,24.66,7.32,154.65,0.547,2.449,DAP-18-46,120.7
2.0,1.0,19.08,90.53,5.46,61.2,24.27,43.94,0.503,1.031,KCL-60,250.6
10.0,8.0,5.0,43.97,5.21,55.0,59.96,166.87,12.964,0.168,UREA-46,135.0
8.0,6.0,25.21,65.16,6.25,21.65,57.5,89.43,3.304,0.376,UREA-46,105.2
3.0,3.0,21.84,66.44,7.11,27.8,20.73,30.0,2.516,1.029,NPK-15-15-15,226.5
7.0,1.0,12.54,77.51,5.86,13.82,24.41,30.0,2.426,0.341,UREA-46,123.4
2.0,3.0,20.89,46.51,6.26,33.95,5.87,76.73,2.753,0.241,KCL-60,179.8
7.0,4.0,16.46,81.76,5.51,60.46,15.87,372.81,0.562,2.346,DAP-18-46,101.8
12.0,2.0,11.27,22.99,7.32,64.02,32.25,198.57,5.479,1.682,NPK-15-15-15,203.7
5.0,2.0,28.95,65.92,6.67,88.53,10.12,264.17,3.743,4.287,NPK-15-15-15,358.0
3.0,1.0,11.32,76.59,5.4,25.9,47.34,180.74,1.327,0.983,HUMUS-ORG,3344.0
11.0,8.0,7.87,54.43,5.75,16.73,38.38,151.75,4.075,0.983,UREA-46,239.7
3.0,2.0,13.41,76.27,6.73,30.37,15.3,124.98,1.852,2.001,SA-21,172.7
12.0,7.0,21.43,75.73,5.96,12.56,13.53,47.9,1.825,4.427,NPK-15-15-15,181.6
10.0,5.0,22.4,51.97,5.39,86.01,16.63,332.4,2.095,1.027,DAP-18-46,209.8
5.0,3.0,22.29,70.46,5.75,39.24,5.44,181.57,2.119,2.163,DAP-18-46,138.7
12.0,7.0,16.28,85.71,5.97,28.97,55.6,77.23,3.589,1.323,UREA-46,153.6
3.0,7.0,15.79,77.65,5.0,35.72,9.6,39.66,3.686,1.075,KCL-60,288.7
7.0,8.0,34.0,66.75,7.21,22.24,57.83,223.0,1.945,0.1,UREA-46,238.0
6.0,5.0,11.6,64.07,7.92,44.01,48.43,260.18,0.532,1.782,UREA-46,162.7
3.0,4.0,10.11,88.57,5.95,25.35,6.82,347.29,0.587,0.578,DAP-18-46,221.6
10.0,8.0,23.68,84.33,5.63,21.23,49.55,211.9,0.524,0.226,UREA-46,148.3
1.0,7.0,5.92,70.64,5.79,6.05,19.53,187.3,3.407,0.177,UREA-46,122.2
2.0,2.0,16.51,69.16,6.27,64.77,8.29,190.26,3.146,1.047,UREA-46,208.2
10.0,7.0,24.66,70.32,5.48,30.39,36.97,162.29,0.899,2.391,HUMUS-ORG,2188.7
8.0,8.0,25.89,52.65,7.08,19.45,5.92,215.09,1.771,0.28,DAP-18-46,214.3
6.0,5.0,9.41,70.59,7.23,15.35,31.58,190.5,4.231,2.442,UREA-46,179.7
6.0,6.0,8.68,76.99,6.08,38.39,17.59,287.36,1.512,2.109,DAP-18-46,197.3
10.0,3.0,8.64,89.85,6.96,59.17,29.32,130.78,3.347,1.227,DAP-18-46,193.7
12.0,5.0,18.32,80.58,5.77,58.16,17.44,42.72,2.224,1.3,KCL-60,157.3
1.0,1.0,21.86,69.45,6.33,47.25,30.88,88.05,4.459,0.18,NPK-15-15-15,283.4
3.0,2.0,18.13,84.51,5.75,21.16,3.19,114.57,2.554,0.1,DAP-18-46,178.1
2.0,8.0,28.26,76.72,6.01,26.7,18.1,348.55,2.322,0.849,DAP-18-46,248.8
8.0,2.0,13.93,58.96,5.36,116.8,38.05,45.18,7.716,2.505,KCL-60,248.4
8.0,7.0,14.68,79.44,6.03,91.04,9.8,182.89,3.198,2.713,DAP-18-46,207.8
12.0,7.0,24.14,80.4,6.79,37.19,41.1,208.52,4.555,0.1,UREA-46,156.8
12.0,2.0,19.31,49.52,6.98,76.83,23.72,304.21,0.93,0.2,NPK-15-15-15,197.1
2.0,8.0,19.89,58.54,6.86,120.14,17.56,349.73,1.486,0.968,DAP-18-46,190.4
3.0,3.0,17.51,82.84,6.87,31.46,91.92,61.66,3.593,4.511,KCL-60,148.9
5.0,4.0,7.54,67.82,6.45,60.72,21.85,149.78,1.798,0.332,DAP-18-46,244.2
2.0,5.0,14.45,92.99,5.2,22.35,24.03,429.41,0.862,1.028,HUMUS-ORG,2507.3
11.0,5.0,18.96,76.92,5.26,114.31,28.51,282.91,8.548,2.576,DAP-18-46,228.1
11.0,8.0,12.4,47.06,6.82,9.08,4.42,128.55,1.159,2.399,DAP-18-46,184.5
3.0,1.0,15.26,57.37,6.69,29.61,122.84,95.9,10.876,2.674,NPK-15-15-15,267.4
4.0,2.0,20.62,72.22,6.42,136.59,35.27,188.02,1.963,1.372,UREA-46,171.5
3.0,1.0,18.01,50.37,7.12,48.25,63.93,174.68,1.499,1.155,NPK-15-15-15,377.7
8.0,6.0,23.24,95.0,6.63,113.49,17.1,249.49,3.837,0.969,DAP-18-46,118.4
12.0,7.0,28.12,59.06,6.13,14.13,18.88,279.98,3.473,1.799,UREA-46,205.6
5.0,6.0,17.87,80.53,4.95,23.56,2.1,236.31,1.407,2.21,DAP-18-46,149.1
4.0,6.0,20.97,54.26,6.08,32.92,37.52,219.45,0.614,0.527,UREA-46,142.0
10.0,6.0,22.11,45.52,5.5,16.82,46.7,189.74,1.314,8.558,UREA-46,234.0
4.0,6.0,20.61,73.08,7.3,43.23,37.03,92.26,1.971,1.656,DAP-18-46,194.5
6.0,6.0,12.8,66.56,5.47,6.47,9.83,307.19,5.815,0.759,DAP-18-46,140.3
5.0,6.0,20.72,95.0,6.39,41.3,43.06,217.77,1.219,1.437,SA-21,249.8
5.0,2.0,13.26,63.74,5.15,97.19,22.84,103.14,3.701,0.287,NPK-15-15-15,297.6
6.0,6.0,25.8,46.14,6.13,34.4,15.06,200.67,1.481,0.757,DAP-18-46,161.0
11.0,2.0,21.79,55.41,7.14,33.59,28.74,118.16,1.023,0.181,KCL-60,209.3
5.0,8.0,21.26,74.59,6.77,26.47,29.92,302.52,2.576,1.592,UREA-46,238.4
4.0,7.0,6.75,86.24,7.15,107.92,19.6,38.94,7.945,9.876,KCL-60,147.1
11.0,8.0,17.88,60.54,5.81,56.4,8.32,223.18,0.957,0.784,DAP-18-46,134.8
5.0,4.0,18.24,39.39,6.62,61.47,5.61,175.36,2.779,0.461,DAP-18-46,179.1
7.0,5.0,21.12,41.89,7.08,22.74,12.34,229.65,3.209,11.39,DAP-18-46,139.5
6.0,5.0,12.8,74.13,6.07,23.67,36.42,166.28,2.567,0.217,UREA-46,122.6
9.0,4.0,15.98,75.81,4.42,8.79,31.34,252.14,12.057,0.118,UREA-46,199.3
4.0,1.0,7.47,25.18,6.99,56.22,11.8,252.83,3.728,0.193,UREA-46,125.3
12.0,6.0,28.38,85.1,5.55,27.82,31.38,217.6,0.52,2.097,UREA-46,116.0
1.0,6.0,18.14,24.0,6.09,16.03,29.77,30.0,1.895,4.686,UREA-46,132.2
5.0,3.0,20.39,94.75,6.03,38.17,2.72,243.05,0.937,1.18,DAP-18-46,179.8
2.0,7.0,14.89,75.7,6.84,16.54,10.94,45.35,8.961,2.678,NPK-15-15-15,221.2
10.0,4.0,20.4,64.47,5.78,56.97,86.73,134.82,1.139,0.1,NPK-15-15-15,301.0
9.0,7.0,13.92,48.12,5.73,14.0,13.63,30.0,4.885,0.155,NPK-15-15-15,326.0
11.0,2.0,20.62,61.55,6.86,16.43,23.73,200.76,5.061,1.309,KCL-60,149.8
11.0,4.0,17.83,60.78,6.17,31.05,55.12,141.46,3.407,0.652,UREA-46,207.0
1.0,6.0,20.18,34.02,5.88,21.45,40.88,182.38,3.858,0.758,UREA-46,139.4
10.0,5.0,10.72,51.72,5.97,68.95,10.06,150.39,4.217,2.522,DAP-18-46,174.0
10.0,7.0,23.34,84.03,6.53,13.24,107.67,244.62,7.482,1.922,UREA-46,128.6
5.0,6.0,16.95,52.81,5.59,33.21,24.36,150.92,3.472,0.168,SA-21,283.0
7.0,2.0,17.74,58.87,6.19,35.72,13.74,103.64,3.289,2.288,NPK-15-15-15,282.7
7.0,5.0,14.14,48.7,5.76,16.86,25.26,187.3,1.044,1.539,UREA-46,222.6
5.0,1.0,12.84,49.02,6.84,66.2,17.57,303.56,0.936,0.762,UREA-46,187.0
12.0,6.0,13.91,95.0,7.27,8.43,59.37,98.41,1.241,0.1,UREA-46,141.2
3.0,6.0,10.33,85.34,5.56,105.44,22.79,106.0,1.079,0.334,DAP-18-46,176.0
8.0,3.0,18.03,80.88,6.2,21.68,8.2,328.0,0.897,0.978,DAP-18-46,102.6
3.0,4.0,19.18,53.3,5.85,40.8,40.61,139.61,1.527,1.214,DAP-18-46,186.3
12.0,4.0,20.46,54.25,7.54,64.06,31.29,67.29,0.523,0.1,KCL-60,270.4
9.0,5.0,23.35,44.96,5.61,16.44,70.21,156.02,2.192,2.195,UREA-46,133.2
12.0,3.0,20.0,41.0,5.98,51.88,38.63,274.27,0.983,0.821,KNO3-13-46,129.4
2.0,8.0,12.58,61.29,5.64,13.54,31.06,186.98,0.503,0.123,UREA-46,214.4
2.0,8.0,18.62,33.85,6.88,52.11,17.35,157.47,3.316,1.231,DAP-18-46,218.5
7.0,7.0,11.99,66.57,5.72,73.6,86.12,310.66,2.042,0.68,KNO3-13-46,85.3
10.0,5.0,11.84,75.93,7.52,35.68,26.31,273.32,1.816,3.387,DAP-18-46,124.4
10.0,6.0,16.26,72.99,6.93,91.37,127.59,98.49,0.807,0.783,KCL-60,269.6
7.0,3.0,18.38,81.5,6.85,132.01,49.59,162.94,0.92,0.767,DAP-18-46,155.0
9.0,6.0,21.64,82.32,5.71,34.92,14.0,74.11,0.733,0.1,KCL-60,174.4
1.0,8.0,5.38,91.91,4.42,124.87,8.58,205.56,4.573,0.305,DAP-18-46,144.4
12.0,6.0,22.69,76.88,6.26,22.21,52.92,302.93,2.104,0.795,UREA-46,239.5
6.0,3.0,21.85,60.14,6.4,29.9,73.88,151.06,0.575,0.854,KNO3-13-46,77.8
5.0,1.0,27.56,91.37,5.4,33.9,150.0,153.87,2.1,1.696,UREA-46,231.2
1.0,4.0,10.42,82.42,5.47,16.66,24.68,30.0,3.292,0.734,NPK-15-15-15,212.8
12.0,8.0,25.64,50.73,6.89,26.54,25.36,397.09,2.496,1.015,DAP-18-46,184.8
2.0,7.0,14.69,48.7,6.9,71.84,74.35,218.16,2.088,0.741,KNO3-13-46,89.3
7.0,3.0,25.02,35.21,6.73,90.39,21.84,98.99,0.585,2.538,DAP-18-46,167.6
1.0,2.0,23.46,64.4,5.98,60.41,21.76,92.02,3.893,0.297,NPK-12-24-12,282.9
11.0,3.0,16.85,73.19,6.05,15.04,43.31,308.54,2.183,0.1,UREA-46,193.7
8.0,6.0,6.15,95.0,6.28,67.42,73.36,182.49,0.587,1.818,UREA-46,141.9
12.0,3.0,14.09,49.79,6.6,48.33,76.96,120.78,5.539,1.099,KNO3-13-46,149.3
1.0,3.0,23.46,38.37,5.28,27.93,8.03,203.15,5.904,1.804,DAP-18-46,169.9
4.0,8.0,15.68,49.11,6.63,106.18,22.44,209.03,2.845,1.82,DAP-18-46,167.9
6.0,4.0,18.14,94.78,6.66,30.25,104.2,127.71,1.959,0.1,NPK-10-26-26,246.8
10.0,8.0,29.84,77.98,5.74,47.89,40.96,141.39,1.144,0.375,DAP-18-46,124.2
12.0,4.0,19.77,70.62,7.4,52.23,12.45,183.58,1.53,1.821,DAP-18-46,133.4
4.0,7.0,5.92,67.39,5.73,7.79,32.73,178.58,0.971,0.162,UREA-46,191.9
5.0,8.0,24.48,89.78,6.38,9.56,26.85,156.15,0.784,0.87,UREA-46,118.5
12.0,4.0,24.68,72.66,5.79,25.64,11.59,164.65,6.113,3.286,DAP-18-46,228.2
4.0,4.0,10.09,63.55,5.46,19.88,22.12,72.29,1.924,0.211,SA-21,241.1
7.0,2.0,5.0,54.83,4.57,32.82,16.87,184.79,2.299,0.416,NPK-15-15-15,196.1
5.0,7.0,15.51,92.04,7.47,59.42,16.24,67.72,3.054,1.024,KCL-60,269.8
4.0,8.0,16.79,61.7,4.9,15.48,62.73,243.13,1.062,0.4,HUMUS-ORG,3563.8
3.0,8.0,11.52,43.81,5.82,69.71,9.81,156.95,9.822,0.603,DAP-18-46,117.8
2.0,6.0,18.63,67.71,4.85,46.2,10.89,254.05,8.883,0.452,DAP-18-46,102.8
2.0,1.0,24.03,94.03,4.57,22.96,25.22,344.43,9.16,0.131,UREA-46,152.1
8.0,1.0,18.28,32.96,7.31,34.05,7.26,200.19,5.067,4.02,DAP-18-46,148.4
8.0,5.0,11.03,78.15,5.58,20.16,24.24,195.66,0.731,4.631,UREA-46,238.2
10.0,2.0,24.73,55.99,7.39,63.43,22.45,138.53,0.624,1.388,DAP-18-46,220.1
10.0,2.0,21.98,61.48,6.04,9.47,29.35,87.32,0.518,0.571,UREA-46,201.6
2.0,5.0,15.45,62.63,6.02,200.0,13.88,200.58,1.172,3.583,SA-21,211.9
12.0,2.0,18.6,61.15,4.57,33.27,36.26,72.31,1.23,4.672,KCL-60,105.7
10.0,4.0,15.03,38.32,6.15,84.47,33.64,192.87,3.46,0.273,NPK-15-15-15,346.6
2.0,6.0,7.13,46.91,5.2,59.82,62.34,30.0,7.058,1.104,KCL-60,197.5
4.0,1.0,14.01,70.76,5.97,19.38,41.14,160.09,3.011,3.182,UREA-46,233.2
7.0,3.0,24.97,57.14,7.34,38.97,16.38,253.67,2.063,8.995,DAP-18-46,174.0
2.0,5.0,22.48,53.32,5.49,36.58,4.66,199.95,1.426,1.263,HUMUS-ORG,2738.0
7.0,1.0,17.22,89.72,5.3,23.69,25.1,309.52,3.089,0.755,UREA-46,222.7
12.0,6.0,19.12,84.43,5.37,39.22,18.32,99.41,2.421,0.482,DAP-18-46,172.0
10.0,6.0,14.05,48.13,7.32,81.18,18.72,153.37,15.0,1.665,DAP-18-46,248.5
6.0,6.0,13.81,91.38,5.2,78.16,67.34,275.11,0.918,0.462,HUMUS-ORG,2766.2
9.0,8.0,21.81,58.51,5.12,17.61,5.32,203.56,1.882,0.927,DAP-18-46,103.1
8.0,7.0,29.52,68.56,8.01,78.22,33.13,64.44,6.53,0.593,KCL-60,199.7
4.0,1.0,23.02,45.78,5.52,15.99,47.79,264.62,1.207,0.1,UREA-46,135.3
5.0,3.0,11.26,71.8,8.41,28.06,3.3,270.85,4.478,0.848,DAP-18-46,167.9
7.0,5.0,11.98,82.0,6.34,20.72,19.34,356.86,2.921,1.179,DAP-18-46,211.0
10.0,4.0,29.84,71.79,6.03,36.46,38.96,191.11,6.067,0.1,NPK-15-15-15,337.1
6.0,8.0,9.45,95.0,5.62,41.76,22.03,111.92,3.848,2.187,DAP-18-46,235.8
3.0,7.0,13.05,56.13,4.39,37.67,27.09,313.03,0.777,2.931,HUMUS-ORG,2929.3
2.0,4.0,18.2,77.69,6.21,42.06,14.17,113.43,1.552,0.924,NPK-15-15-15,198.0
4.0,5.0,15.73,34.38,7.03,25.53,12.59,159.4,0.525,1.699,DAP-18-46,171.6
12.0,1.0,11.47,52.26,6.15,48.4,27.3,360.59,0.545,0.611,DAP-18-46,127.6
4.0,2.0,18.57,53.18,5.08,106.89,21.71,80.42,6.038,0.444,UREA-46,239.6
5.0,3.0,15.39,87.91,6.2,14.05,6.76,184.67,1.764,0.542,DAP-18-46,207.2
6.0,8.0,34.09,58.13,4.96,33.03,35.08,246.82,7.224,1.895,UREA-46,214.7
11.0,1.0,15.05,20.0,6.38,15.36,26.72,38.46,10.783,0.747,UREA-46,154.3
10.0,7.0,17.95,82.5,5.11,43.04,15.29,221.94,3.637,1.965,HUMUS-ORG,3537.4
11.0,1.0,10.37,79.38,6.07,31.24,11.44,193.83,1.13,2.071,UREA-46,165.6
4.0,4.0,14.41,49.36,6.75,21.2,32.55,137.36,2.022,0.111,SA-21,309.7
12.0,6.0,21.87,54.73,6.04,27.93,53.27,107.61,0.747,1.615,UREA-46,147.5
9.0,6.0,13.7,42.39,6.29,31.17,77.71,157.71,14.9,0.468,UREA-46,227.7
12.0,3.0,10.22,61.8,4.94,93.41,35.55,283.45,1.089,2.245,HUMUS-ORG,3459.2
3.0,1.0,15.2,57.35,5.57,43.52,23.01,196.85,5.558,0.9,NPK-15-15-15,153.8
6.0,2.0,24.83,95.0,5.33,53.72,7.71,276.92,3.594,0.1,NPK-10-26-26,161.2
8.0,8.0,22.11,53.6,7.28,36.38,19.4,374.61,3.496,0.853,DAP-18-46,130.3
6.0,7.0,24.29,49.91,5.66,140.78,23.16,218.37,3.704,0.133,DAP-18-46,133.0
4.0,3.0,12.44,88.19,5.63,84.09,7.02,98.72,1.813,0.643,DAP-18-46,214.5
1.0,6.0,24.06,56.98,5.41,62.7,31.45,236.79,0.814,2.687,HUMUS-ORG,4116.9
11.0,8.0,19.99,76.63,5.91,30.44,6.6,334.1,0.565,3.88,DAP-18-46,227.8
5.0,3.0,15.39,59.39,5.0,34.55,92.67,194.5,3.131,0.967,UREA-46,228.2
1.0,8.0,15.59,77.77,7.04,122.16,1.0,181.46,2.958,2.367,DAP-18-46,142.1
11.0,5.0,13.68,72.4,6.57,135.53,15.42,101.04,0.724,5.236,DAP-18-46,105.8
8.0,8.0,28.54,61.13,6.98,25.78,51.25,172.22,0.712,0.859,UREA-46,183.4
6.0,8.0,20.59,40.82,6.85,27.03,35.69,136.17,3.433,2.775,UREA-46,172.2
12.0,1.0,17.68,30.3,6.74,46.24,38.54,175.99,0.937,1.564,DAP-18-46,239.4
11.0,7.0,19.31,62.0,6.19,42.69,15.12,306.76,1.482,0.1,DAP-18-46,212.5
1.0,2.0,16.3,86.43,7.12,90.75,18.55,125.24,1.919,0.32,NPK-12-24-12,280.9
12.0,8.0,27.09,85.64,5.2,20.75,35.03,130.71,1.132,0.126,HUMUS-ORG,4624.8
12.0,1.0,27.7,51.13,7.23,26.06,16.93,162.35,6.051,0.272,DAP-18-46,122.4
6.0,7.0,13.8,72.76,4.94,8.14,67.96,238.12,3.546,0.437,UREA-46,213.8
5.0,8.0,13.19,36.08,6.74,17.0,28.5,129.33,0.682,1.752,UREA-46,126.2
9.0,1.0,21.0,76.84,6.3,106.78,27.45,246.35,2.263,0.377,DAP-18-46,181.7
10.0,3.0,20.31,79.53,6.64,28.43,20.9,271.03,1.038,3.339,DAP-18-46,104.7
7.0,2.0,18.86,58.02,6.38,9.36,48.5,173.98,3.567,1.008,UREA-46,128.6
3.0,5.0,13.17,62.13,5.97,47.58,22.91,221.27,0.826,4.281,DAP-18-46,169.2
9.0,4.0,27.33,64.01,6.65,62.25,20.9,354.92,1.872,0.437,DAP-18-46,155.8
1.0,7.0,12.91,48.36,5.13,16.64,14.79,60.43,1.605,5.072,NPK-15-15-15,390.9
2.0,6.0,27.86,70.81,6.02,32.33,13.21,30.0,4.168,0.167,KCL-60,253.8
1.0,5.0,23.25,81.25,4.88,40.02,83.78,182.25,0.654,7.414,HUMUS-ORG,2215.8
8.0,6.0,19.47,63.62,5.44,41.7,5.75,256.23,2.072,2.957,DAP-18-46,243.0
12.0,1.0,20.56,57.03,6.79,129.02,7.67,214.69,3.098,0.1,DAP-18-46,233.3
5.0,6.0,22.49,69.81,4.0,91.65,36.04,30.0,1.239,1.621,KCL-60,172.9
7.0,2.0,11.84,71.29,6.75,19.85,34.05,148.83,2.928,0.295,NPK-15-15-15,339.2
2.0,5.0,23.25,68.11,6.2,25.68,23.09,326.14,2.935,0.355,SA-21,217.7
10.0,2.0,30.81,85.91,6.23,11.9,42.46,249.05,12.061,0.143,UREA-46,200.1
6.0,7.0,25.46,94.12,5.84,46.5,10.63,138.93,1.49,1.004,DAP-18-46,241.2
4.0,4.0,27.06,36.83,6.54,110.02,39.44,153.75,3.598,1.623,SA-21,158.8
7.0,5.0,15.47,36.91,5.5,42.55,10.94,137.85,6.668,0.8,DAP-18-46,163.5
8.0,3.0,8.59,50.14,7.09,45.03,1.0,30.0,2.462,1.667,KCL-60,103.9
5.0,1.0,16.34,42.96,6.71,32.48,18.76,149.05,2.517,1.898,UREA-46,234.6
8.0,7.0,20.03,62.69,6.14,99.14,10.22,93.93,2.869,0.865,DAP-18-46,209.0
7.0,4.0,11.65,76.22,6.1,17.57,4.43,192.82,0.874,0.535,DAP-18-46,142.2
12.0,3.0,20.69,50.32,6.45,24.15,4.85,190.3,2.872,0.383,DAP-18-46,235.7
2.0,8.0,21.13,57.67,5.44,76.52,8.96,97.14,0.809,0.1,HUMUS-ORG,4173.6
3.0,8.0,12.1,46.16,7.47,62.76,15.33,238.93,3.229,0.21,DAP-18-46,196.0
8.0,2.0,23.52,90.26,6.58,10.01,51.41,91.54,6.932,0.623,UREA-46,175.4
10.0,8.0,19.8,44.55,6.49,87.05,25.47,231.2,2.201,0.184,DAP-18-46,165.7
9.0,5.0,27.33,77.05,7.74,5.43,7.94,175.19,1.619,0.1,DAP-18-46,128.9
3.0,7.0,8.35,71.81,5.87,42.13,3.45,164.46,1.296,0.317,DAP-18-46,232.4
12.0,4.0,16.16,82.42,5.32,3.15,33.24,93.97,2.779,0.86,UREA-46,247.1
2.0,3.0,8.7,81.87,6.18,51.34,5.65,253.82,1.988,3.22,NIT-27,196.5
8.0,2.0,20.29,83.43,7.1,84.52,13.34,189.1,4.826,1.688,NPK-15-15-15,172.0
11.0,7.0,28.78,92.55,5.28,62.95,17.93,139.5,0.707,1.354,HUMUS-ORG,3768.1
11.0,4.0,13.05,27.16,7.13,12.74,89.92,203.5,1.889,0.606,UREA-46,235.1
11.0,6.0,8.97,69.41,5.48,67.15,60.74,175.99,5.447,0.287,DAP-18-46,193.3
7.0,1.0,19.02,64.37,6.05,20.21,62.78,220.98,0.712,1.48,UREA-46,150.5
10.0,7.0,11.81,77.03,7.78,15.18,25.74,270.58,4.914,1.387,HUMUS-ORG,3167.4
5.0,3.0,23.9,66.92,5.17,48.12,79.57,269.25,9.117,2.406,UREA-46,120.5
9.0,4.0,17.93,74.66,6.11,52.82,150.0,30.0,5.794,0.658,KCL-60,121.9
6.0,1.0,23.43,20.0,6.03,33.23,13.41,141.27,4.523,4.119,DAP-18-46,160.5
7.0,5.0,26.46,65.6,5.41,33.49,13.74,186.47,1.058,0.15,HUMUS-ORG,2358.2
2.0,5.0,24.37,59.18,6.21,50.62,35.54,290.19,1.997,0.827,SA-21,251.8
3.0,4.0,21.63,66.16,6.71,72.83,37.08,341.08,5.432,2.586,DAP-18-46,118.3
5.0,1.0,13.11,58.68,5.92,42.15,10.56,191.73,2.338,1.932,UREA-46,154.9
12.0,3.0,18.59,76.08,6.16,28.14,9.5,117.13,2.284,0.42,DAP-18-46,150.3
4.0,3.0,16.18,95.0,5.94,27.48,56.77,295.19,0.85,0.363,UREA-46,198.4
8.0,1.0,25.55,55.4,5.28,9.07,16.53,206.72,1.078,5.251,UREA-46,103.8
8.0,7.0,16.97,63.81,4.66,14.66,6.01,308.82,1.55,0.813,DAP-18-46,239.3
10.0,8.0,21.71,71.24,5.29,40.4,21.97,143.34,11.204,2.582,DAP-18-46,165.2
11.0,6.0,15.06,59.91,5.19,2.14,50.31,32.57,0.692,0.289,UREA-46,233.5
2.0,5.0,9.29,48.36,7.29,73.55,19.6,201.52,3.413,0.1,SA-21,217.3
9.0,3.0,19.72,61.61,7.05,32.9,9.68,129.84,2.246,0.474,DAP-18-46,242.1
9.0,6.0,18.41,62.61,7.26,16.56,23.63,82.99,2.06,3.93,UREA-46,235.2
5.0,4.0,20.05,64.59,7.96,29.64,14.95,192.21,1.239,0.329,MAP-12-61,81.6
12.0,6.0,5.71,84.39,6.96,9.36,21.45,218.89,3.999,2.146,UREA-46,109.0
4.0,2.0,19.47,87.95,5.65,35.52,19.82,202.82,4.59,0.481,UREA-46,231.8
9.0,8.0,17.56,78.8,6.64,31.99,135.78,228.8,0.593,0.841,UREA-46,213.2
1.0,7.0,14.3,60.53,6.22,16.52,48.44,253.05,1.983,1.628,UREA-46,206.0
11.0,7.0,18.11,75.91,5.96,13.35,5.45,136.89,1.411,5.551,DAP-18-46,205.7
12.0,1.0,19.56,56.85,6.94,26.56,20.1,253.1,3.799,1.328,DAP-18-46,167.4
11.0,2.0,13.71,82.23,7.03,94.36,22.86,187.97,3.642,1.817,KCL-60,293.4
7.0,7.0,15.62,92.8,7.37,21.25,16.63,297.16,0.742,0.844,DAP-18-46,188.0
7.0,7.0,14.55,80.69,6.66,16.26,10.25,163.02,4.192,3.78,DAP-18-46,180.0
10.0,7.0,26.38,73.01,6.23,96.31,34.59,153.45,5.816,2.126,HUMUS-ORG,3690.4
8.0,8.0,26.38,70.52,6.91,73.33,43.44,130.14,11.702,1.382,DAP-18-46,217.8
2.0,5.0,8.09,46.96,7.21,122.59,51.36,96.98,5.35,1.012,KCL-60,143.3
4.0,7.0,30.03,50.51,4.69,39.08,4.72,238.97,2.043,0.983,DAP-18-46,184.1
7.0,2.0,24.44,87.72,5.38,30.87,82.91,162.91,1.839,2.913,NPK-15-15-15,330.5
5.0,8.0,12.21,70.44,4.82,65.04,31.12,137.11,0.77,2.005,HUMUS-ORG,3351.3
8.0,7.0,8.48,61.27,6.76,22.25,5.84,145.87,4.428,0.807,DAP-18-46,114.0
10.0,6.0,12.96,54.23,6.99,24.32,8.89,126.13,0.866,0.255,DAP-18-46,202.6
11.0,8.0,15.28,81.5,6.43,25.28,5.94,174.39,2.724,3.426,DAP-18-46,219.0
12.0,7.0,29.26,42.84,4.78,53.73,59.8,148.61,1.91,0.77,UREA-46,104.2
4.0,5.0,21.39,84.11,4.48,39.47,89.01,307.29,0.548,0.1,HUMUS-ORG,4054.4
2.0,5.0,15.52,63.5,5.52,41.58,64.21,256.14,0.722,0.169,SA-21,175.5
10.0,2.0,26.75,67.33,5.72,96.02,10.66,113.73,6.519,3.708,DAP-18-46,149.3
2.0,8.0,13.89,63.3,6.57,41.64,7.87,182.53,4.037,1.178,DAP-18-46,231.5
11.0,4.0,22.12,79.03,5.66,48.27,24.75,236.56,13.046,1.703,DAP-18-46,134.8
8.0,2.0,23.66,65.99,6.27,39.56,13.77,209.09,1.084,0.201,NPK-15-15-15,197.4
1.0,2.0,12.35,94.97,8.0,158.21,2.25,141.05,2.119,3.797,MAP-12-61,152.4
2.0,8.0,29.09,86.43,6.02,47.47,28.74,353.74,1.297,0.421,DAP-18-46,120.6
7.0,3.0,10.87,72.95,6.36,63.55,27.35,132.24,10.212,2.394,DAP-18-46,145.3
12.0,2.0,13.21,83.33,5.04,13.2,39.42,134.49,14.07,0.12,UREA-46,171.0
11.0,2.0,22.03,78.43,5.64,35.88,97.85,161.88,1.285,6.775,KCL-60,234.1
8.0,6.0,9.17,78.21,5.68,13.16,17.39,291.25,0.771,2.868,UREA-46,190.2
10.0,4.0,12.08,74.3,8.14,9.24,4.25,135.11,1.903,1.003,DAP-18-46,120.7
7.0,6.0,8.34,78.56,5.23,27.22,25.14,201.54,1.553,1.428,DAP-18-46,229.1
5.0,4.0,5.65,79.37,6.99,10.04,119.29,270.92,0.597,1.395,UREA-46,172.7
8.0,7.0,21.42,59.16,4.22,19.36,38.88,301.97,2.285,0.853,UREA-46,189.0
10.0,6.0,18.77,76.44,5.75,66.16,12.45,86.25,1.448,2.359,DAP-18-46,119.6
12.0,5.0,19.09,81.05,5.1,44.98,20.19,343.21,2.189,1.721,DAP-18-46,115.2
9.0,6.0,17.59,39.68,6.13,33.83,2.05,209.92,2.886,5.671,DAP-18-46,116.7
6.0,1.0,21.01,64.48,6.48,27.32,129.2,234.16,4.242,1.149,UREA-46,219.6
6.0,6.0,21.32,66.56,5.02,36.34,36.49,172.64,0.962,2.35,HUMUS-ORG,3945.1
6.0,6.0,19.98,59.15,6.6,131.88,33.11,109.96,3.094,6.376,DAP-18-46,132.1
10.0,6.0,15.2,60.84,6.17,30.03,111.37,163.4,6.046,1.013,UREA-46,189.9
3.0,4.0,21.38,62.33,4.62,54.35,65.43,37.49,8.467,0.284,KCL-60,243.9
8.0,6.0,11.32,89.21,7.22,13.99,18.41,215.87,9.213,0.227,UREA-46,188.1
8.0,4.0,21.34,35.88,7.11,18.54,9.38,105.24,4.942,0.788,DAP-18-46,203.9
3.0,7.0,17.7,67.88,5.45,11.88,7.11,59.25,8.254,1.03,NPK-15-15-15,248.4
6.0,8.0,17.31,91.4,5.89,28.76,14.87,114.19,0.901,2.503,DAP-18-46,163.1
8.0,3.0,17.24,55.08,4.92,102.82,40.2,155.86,2.373,3.467,KCL-60,162.6
10.0,1.0,5.0,70.11,4.92,65.31,21.21,193.27,3.223,3.075,DAP-18-46,224.1
12.0,7.0,19.61,34.75,8.17,27.1,22.93,140.02,2.648,1.735,DAP-18-46,118.1
4.0,4.0,8.08,73.45,4.85,9.72,6.39,239.58,3.432,1.186,DAP-18-46,205.1
5.0,1.0,10.7,80.44,4.71,52.62,24.39,253.61,1.023,0.1,HUMUS-ORG,3273.1
9.0,7.0,11.69,38.94,6.37,24.24,12.8,92.55,0.917,1.437,HUMUS-ORG,2465.5
12.0,1.0,11.12,22.48,6.06,50.8,38.16,247.51,0.724,1.964,DAP-18-46,230.7
11.0,5.0,21.36,85.88,5.89,53.32,19.16,118.04,2.013,0.358,DAP-18-46,130.3
2.0,1.0,11.36,89.02,5.71,16.45,8.12,200.08,1.12,0.1,DAP-18-46,210.8
8.0,6.0,14.16,62.19,6.82,72.06,8.23,149.22,0.693,7.275,DAP-18-46,198.3
5.0,6.0,21.63,73.51,6.68,23.48,107.08,189.32,1.062,2.992,SA-21,214.3
5.0,1.0,12.28,40.04,6.95,28.14,19.72,221.68,6.678,2.645,UREA-46,247.1
5.0,7.0,13.58,44.3,6.09,44.99,14.18,146.18,2.426,2.84,DAP-18-46,107.4
7.0,3.0,21.76,63.13,5.56,10.15,31.55,290.46,5.436,1.0,UREA-46,120.2
3.0,7.0,24.6,93.44,7.97,52.24,62.49,214.66,1.215,1.701,UREA-46,235.3
12.0,6.0,22.34,81.18,6.31,12.32,90.35,183.76,0.825,1.354,UREA-46,151.7
11.0,8.0,12.99,60.78,6.82,22.5,14.62,122.21,7.887,1.893,DAP-18-46,232.2
10.0,7.0,10.42,30.6,5.69,51.15,24.81,37.43,2.091,0.738,KCL-60,264.1
8.0,3.0,23.21,69.09,5.4,101.23,32.37,97.23,3.824,2.945,KCL-60,288.1
3.0,4.0,11.58,50.88,6.82,43.06,37.04,179.18,0.666,1.158,DAP-18-46,207.8
10.0,7.0,15.06,78.99,6.68,169.47,15.3,92.19,0.723,0.421,HUMUS-ORG,4565.9
10.0,8.0,19.12,68.39,6.21,25.42,19.76,210.01,1.928,1.15,DAP-18-46,239.8
6.0,5.0,17.4,66.92,4.84,46.51,28.39,154.04,3.196,1.916,DAP-18-46,122.6
8.0,5.0,15.09,54.53,6.05,92.21,15.39,149.69,2.905,2.089,DAP-18-46,132.1
12.0,3.0,28.85,74.96,5.9,13.48,20.33,106.73,0.788,2.092,UREA-46,106.9
2.0,3.0,17.14,68.05,6.02,32.98,10.75,100.97,2.499,0.195,NIT-27,93.5
3.0,5.0,23.2,82.96,6.28,10.18,64.35,225.29,7.016,2.503,UREA-46,224.3
12.0,2.0,11.92,52.45,7.19,10.22,7.79,165.03,2.721,3.849,DAP-18-46,212.2
8.0,7.0,15.69,95.0,5.89,64.39,8.96,173.69,0.869,0.285,DAP-18-46,108.2
5.0,4.0,15.58,84.31,5.94,27.66,5.39,328.35,2.875,2.151,DAP-18-46,181.9
12.0,4.0,16.97,71.71,7.42,43.4,8.16,30.0,1.859,0.295,KCL-60,284.9
7.0,7.0,30.03,61.26,6.45,66.05,5.83,206.74,1.613,0.52,DAP-18-46,126.2
5.0,6.0,17.38,74.73,8.03,31.73,25.9,153.27,0.636,2.548,SA-21,315.0
8.0,5.0,16.71,28.55,4.77,49.52,14.21,166.38,8.638,0.835,DAP-18-46,176.9
6.0,8.0,11.16,67.95,6.78,19.54,40.97,160.96,0.793,0.652,UREA-46,126.0
6.0,5.0,7.84,52.39,6.76,31.64,12.42,144.12,2.619,0.91,DAP-18-46,122.4
8.0,1.0,34.29,37.05,7.48,54.21,4.48,80.59,2.585,0.517,DAP-18-46,117.6
1.0,7.0,27.14,53.07,7.35,32.78,2.83,197.34,8.918,1.123,DAP-18-46,183.0
4.0,4.0,9.14,81.78,6.21,81.11,43.51,164.17,3.977,0.228,SA-21,170.0
1.0,2.0,27.71,53.02,4.0,29.82,51.46,97.75,1.533,0.328,NPK-12-24-12,272.1
10.0,8.0,16.43,73.89,6.32,45.77,34.99,34.95,1.365,0.772,KCL-60,252.9
10.0,3.0,15.64,84.3,6.82,55.99,32.3,198.4,1.214,1.425,DAP-18-46,160.1
8.0,4.0,15.79,50.79,7.1,73.49,24.56,148.9,1.642,1.458,DAP-18-46,109.7
8.0,5.0,19.76,75.3,6.76,24.39,9.51,251.0,2.64,0.315,DAP-18-46,190.5
6.0,6.0,15.86,51.99,5.28,14.36,40.93,376.68,2.006,5.629,UREA-46,107.5
5.0,2.0,12.53,71.66,7.53,161.37,62.91,247.46,0.938,1.502,KNO3-13-46,55.2
1.0,6.0,17.44,52.05,6.88,13.66,15.0,299.74,4.964,0.177,UREA-46,238.1
1.0,2.0,17.94,70.07,7.94,78.38,44.97,123.93,5.736,2.568,NPK-12-24-12,223.5
8.0,1.0,29.81,81.92,5.52,140.63,30.87,275.17,1.837,5.67,DAP-18-46,187.3
10.0,2.0,18.73,70.65,6.12,11.68,8.85,119.91,1.409,0.67,DAP-18-46,163.1
1.0,1.0,18.62,60.12,4.08,58.13,54.68,101.81,8.175,2.745,NPK-15-15-15,256.5
1.0,7.0,16.43,69.5,5.36,114.73,23.22,147.25,1.66,1.831,DAP-18-46,157.7
11.0,4.0,7.34,95.0,5.95,57.8,99.12,121.96,0.729,0.721,UREA-46,176.0
5.0,1.0,24.15,66.43,7.03,16.21,17.12,154.59,5.856,0.528,UREA-46,223.5
3.0,2.0,10.44,57.72,5.25,12.21,63.84,147.5,2.048,0.344,UREA-46,145.2
6.0,5.0,22.44,82.2,5.02,113.74,90.75,131.92,2.364,0.144,DAP-18-46,165.5
10.0,5.0,9.92,70.34,7.38,123.28,10.65,201.01,2.241,0.674,DAP-18-46,125.6
2.0,8.0,12.33,76.62,5.29,50.71,15.95,162.11,0.798,1.946,HUMUS-ORG,4833.0
9.0,8.0,23.76,79.25,6.05,107.81,15.83,255.99,2.46,0.156,DAP-18-46,147.8
10.0,2.0,19.57,41.2,6.49,42.34,15.91,223.35,3.813,2.125,DAP-18-46,162.9
5.0,4.0,14.88,45.32,7.15,117.04,14.86,123.67,1.754,6.456,DAP-18-46,164.7
11.0,1.0,10.41,35.27,6.62,24.28,25.9,130.73,2.237,0.395,UREA-46,181.3
6.0,6.0,22.32,69.82,6.55,18.44,19.83,133.01,7.561,2.15,UREA-46,204.4
5.0,8.0,21.16,35.03,5.46,80.44,29.45,123.9,1.081,0.851,HUMUS-ORG,3939.8
1.0,5.0,26.66,52.13,6.24,14.0,10.34,96.11,1.933,1.502,NPK-15-15-15,180.3
6.0,3.0,6.03,66.49,6.18,92.45,61.45,143.21,1.041,0.305,KNO3-13-46,78.8
6.0,3.0,12.17,75.32,6.48,32.79,34.03,159.2,7.232,1.379,KNO3-13-46,64.3
6.0,3.0,10.43,38.17,7.49,73.51,36.95,149.86,3.941,0.882,KNO3-13-46,144.5
3.0,8.0,14.65,68.18,6.81,30.34,52.54,36.43,3.113,1.7,KCL-60,276.5
6.0,6.0,12.73,74.99,5.85,15.93,31.89,205.83,1.146,0.156,UREA-46,165.0
9.0,7.0,27.91,56.97,5.17,59.6,66.72,85.87,2.618,0.423,HUMUS-ORG,3954.7
8.0,6.0,29.7,57.05,5.91,18.64,60.31,219.9,1.212,0.727,UREA-46,108.3
9.0,8.0,7.26,73.65,5.73,48.13,16.48,238.18,4.414,1.342,DAP-18-46,134.5
10.0,5.0,23.96,60.5,7.35,14.18,32.73,369.48,4.353,1.217,UREA-46,228.6
10.0,7.0,14.99,73.63,6.54,42.65,1.0,172.33,5.648,3.139,HUMUS-ORG,4102.3
5.0,2.0,16.88,56.37,6.55,10.92,6.59,404.11,0.617,0.1,DAP-18-46,248.2
12.0,4.0,15.5,95.0,7.81,71.41,62.79,168.74,3.035,2.325,DAP-18-46,205.0
5.0,6.0,18.99,59.38,7.91,36.43,17.34,105.88,1.31,1.881,MAP-12-61,118.4
10.0,5.0,15.89,57.33,6.74,28.34,61.56,49.81,1.065,0.737,UREA-46,173.7
6.0,6.0,14.74,89.78,5.43,32.28,7.15,286.97,4.757,0.912,DAP-18-46,220.0
12.0,8.0,32.36,62.78,6.35,39.56,25.85,51.19,0.57,0.1,KCL-60,246.8
5.0,7.0,11.13,54.19,5.63,23.9,19.14,59.71,2.251,0.317,DAP-18-46,231.4
2.0,6.0,21.33,54.52,6.41,19.99,8.23,115.61,2.22,4.339,DAP-18-46,166.6
2.0,7.0,22.57,71.96,6.12,69.26,47.77,214.05,1.203,1.057,KNO3-13-46,53.2
2.0,6.0,18.54,78.55,5.65,51.32,17.24,374.31,7.072,0.446,DAP-18-46,140.5
3.0,2.0,24.62,68.2,5.72,45.76,6.63,242.33,1.751,0.541,SA-21,242.1
5.0,1.0,25.27,55.9,5.74,39.68,58.81,93.84,2.684,1.208,UREA-46,228.9
3.0,2.0,21.13,27.48,5.7,78.03,19.52,123.48,0.738,1.085,SA-21,162.8
5.0,6.0,25.05,95.0,4.91,10.67,20.35,239.91,2.43,2.276,UREA-46,147.2
3.0,2.0,18.16,66.28,6.78,20.46,4.24,61.76,6.827,3.17,DAP-18-46,168.5
6.0,6.0,8.58,71.06,5.73,32.89,26.44,99.98,1.148,0.825,DAP-18-46,183.6
3.0,3.0,25.74,67.38,5.75,14.48,56.03,198.98,4.395,1.68,UREA-46,191.4
8.0,8.0,16.65,83.31,5.86,120.24,70.15,282.81,3.552,0.461,KNO3-13-46,72.2
11.0,5.0,17.34,47.94,4.05,17.47,15.95,30.0,3.307,5.174,DAP-18-46,121.6
5.0,2.0,22.07,36.14,8.13,70.18,19.59,144.85,1.121,0.298,MAP-12-61,81.6
10.0,2.0,34.96,89.48,6.02,64.02,37.6,203.8,2.934,0.1,DAP-18-46,232.8
2.0,3.0,16.39,67.13,4.51,25.04,20.73,176.66,1.988,0.678,NIT-27,199.4
10.0,2.0,12.16,51.65,7.1,42.06,21.54,103.03,1.209,5.668,DAP-18-46,219.5
11.0,6.0,16.1,76.9,5.25,21.59,10.14,262.33,0.964,1.072,HUMUS-ORG,3250.0
5.0,8.0,23.01,90.25,4.77,21.1,5.46,162.39,1.844,0.242,DAP-18-46,198.5
7.0,5.0,29.48,74.47,6.36,30.88,22.31,36.37,3.321,2.163,KCL-60,163.6
10.0,7.0,17.93,48.4,6.69,124.17,4.49,114.15,5.431,1.005,HUMUS-ORG,2080.5
12.0,7.0,21.91,23.04,5.94,23.35,10.39,155.36,3.487,0.349,DAP-18-46,238.9
6.0,2.0,12.84,46.35,5.84,85.84,44.27,104.24,1.056,0.457,NPK-10-26-26,211.8
2.0,2.0,24.55,70.32,4.7,105.47,17.14,30.0,1.297,3.587,KCL-60,192.9
3.0,6.0,15.27,80.22,6.04,18.81,79.25,267.03,3.043,4.296,UREA-46,131.8
8.0,2.0,13.2,64.68,6.17,27.71,13.56,71.07,8.74,2.672,NPK-15-15-15,265.9
9.0,3.0,18.21,45.44,5.51,29.71,7.29,328.06,2.394,0.237,DAP-18-46,121.0
7.0,3.0,22.12,57.83,4.0,28.12,15.88,152.23,3.717,1.662,DAP-18-46,219.8
10.0,3.0,13.47,95.0,5.58,56.35,56.46,167.89,2.314,0.637,UREA-46,200.8
6.0,3.0,5.0,42.22,5.53,23.15,69.73,97.9,4.114,2.748,KNO3-13-46,79.2
4.0,2.0,9.57,50.7,5.22,12.28,26.31,264.62,1.999,1.108,UREA-46,177.4
3.0,8.0,18.28,63.17,5.01,13.81,12.71,192.32,1.519,0.715,UREA-46,240.1
6.0,3.0,25.43,50.8,5.11,152.9,38.28,173.65,1.091,1.788,HUMUS-ORG,2929.3
2.0,3.0,24.75,37.39,6.61,69.59,11.52,217.28,3.138,2.037,NIT-27,82.7
7.0,8.0,11.52,55.25,6.61,17.6,6.94,195.83,6.728,2.03,DAP-18-46,150.3
9.0,2.0,5.0,66.9,4.97,30.76,34.9,271.0,0.568,3.441,HUMUS-ORG,3014.3
4.0,2.0,14.38,75.32,4.7,15.32,7.95,101.2,8.543,0.715,DAP-18-46,101.4
8.0,6.0,23.21,95.0,5.94,26.73,1.38,201.18,1.346,3.62,DAP-18-46,175.4
3.0,3.0,10.23,72.69,6.31,58.45,15.78,106.86,2.647,4.562,NPK-15-15-15,260.6
2.0,6.0,10.51,70.21,7.11,48.86,22.6,80.46,2.826,1.008,DAP-18-46,173.3
3.0,2.0,14.51,46.94,7.81,81.92,9.23,154.74,1.915,1.204,MAP-12-61,163.3
9.0,6.0,19.72,50.04,7.28,28.11,10.85,198.03,0.551,1.239,DAP-18-46,169.8
9.0,1.0,19.12,61.5,7.97,90.81,13.25,75.65,1.2,1.126,KCL-60,155.1
2.0,7.0,25.32,95.0,5.88,39.25,8.37,136.1,2.017,2.066,DAP-18-46,142.2
1.0,6.0,21.52,65.95,4.98,139.6,36.12,316.33,9.683,1.751,DAP-18-46,234.3
2.0,4.0,15.37,47.63,7.03,11.39,6.0,141.74,0.78,4.177,DAP-18-46,106.6
6.0,2.0,18.36,61.89,7.51,21.19,35.76,268.49,0.802,1.605,NPK-10-26-26,142.0
1.0,6.0,8.86,29.87,7.87,23.29,14.97,148.41,2.597,0.645,MAP-12-61,150.5
10.0,5.0,24.84,20.0,7.48,29.68,10.03,98.86,5.656,0.79,DAP-18-46,125.4
4.0,2.0,24.14,70.45,6.44,10.31,16.33,157.62,5.608,0.28,UREA-46,152.9
7.0,4.0,15.79,78.79,5.52,22.7,9.75,150.12,1.566,1.238,DAP-18-46,165.0
3.0,8.0,11.01,95.0,6.18,73.53,9.95,253.92,2.581,0.947,DAP-18-46,233.2
6.0,7.0,13.87,42.47,5.42,26.19,35.43,257.48,0.868,1.249,HUMUS-ORG,3885.9
11.0,5.0,5.0,87.42,6.99,48.22,37.65,262.91,1.468,1.286,DAP-18-46,189.1
5.0,2.0,25.39,52.31,5.2,84.03,54.31,166.49,7.872,3.209,NPK-15-15-15,211.1
8.0,7.0,29.31,53.59,6.25,25.6,63.84,30.0,8.269,0.534,UREA-46,143.3
6.0,4.0,22.72,55.51,6.28,65.36,12.39,153.31,1.61,0.911,NPK-10-26-26,104.2
12.0,6.0,21.83,74.68,7.16,43.76,21.74,246.1,1.158,4.491,DAP-18-46,104.2
9.0,5.0,27.64,73.55,4.29,165.4,33.53,74.25,1.004,0.114,KCL-60,145.0
1.0,5.0,24.14,78.16,6.12,12.46,18.87,30.0,6.083,2.453,UREA-46,195.5
7.0,1.0,23.86,74.85,7.13,74.62,6.76,194.72,3.629,0.1,DAP-18-46,156.7
4.0,6.0,17.28,72.58,6.27,15.6,54.44,44.32,2.436,1.632,UREA-46,211.1
9.0,1.0,19.32,65.64,5.55,14.82,9.31,89.63,1.016,0.679,NPK-15-15-15,182.3
7.0,7.0,12.91,41.44,6.06,169.26,17.69,212.47,0.697,0.932,DAP-18-46,248.4
3.0,7.0,20.28,77.43,6.33,121.22,49.96,253.09,1.408,0.1,KNO3-13-46,143.6
7.0,8.0,13.22,56.75,6.51,79.1,26.62,102.04,0.521,2.69,DAP-18-46,113.1
7.0,4.0,38.27,74.28,6.13,10.03,42.47,182.41,0.603,1.423,UREA-46,220.9
12.0,1.0,9.95,74.69,7.6,69.84,29.41,230.25,3.287,0.157,DAP-18-46,157.1
12.0,4.0,16.58,26.4,6.17,19.75,23.88,62.67,0.61,0.281,UREA-46,164.9
11.0,2.0,25.48,56.99,5.92,84.8,19.63,162.14,2.25,1.527,KCL-60,134.2
12.0,5.0,28.33,37.95,5.82,200.0,17.4,261.27,6.888,0.1,DAP-18-46,215.0
3.0,3.0,18.37,53.69,7.95,13.99,45.18,94.22,5.828,1.233,UREA-46,156.9
4.0,7.0,17.05,52.1,5.62,86.22,36.97,301.65,4.132,0.884,DAP-18-46,151.9
7.0,2.0,14.91,65.48,7.11,27.54,74.17,194.42,4.038,0.164,NPK-15-15-15,207.8
2.0,4.0,17.88,41.79,6.74,32.56,43.44,62.43,1.568,0.766,KCL-60,172.2
6.0,3.0,25.96,20.0,7.59,16.22,30.22,150.09,1.49,0.599,KNO3-13-46,109.8
6.0,2.0,20.22,25.89,7.4,62.4,15.24,140.0,5.256,0.446,NPK-10-26-26,161.1
6.0,6.0,30.44,72.8,6.15,76.74,20.79,210.03,1.825,0.305,DAP-18-46,241.2
4.0,5.0,15.51,81.7,5.17,20.27,21.3,133.39,1.857,2.267,UREA-46,153.2
10.0,1.0,13.12,68.25,6.4,43.01,48.62,126.89,0.733,0.476,UREA-46,215.2
7.0,6.0,18.49,73.7,5.97,36.66,48.56,84.72,0.552,5.654,UREA-46,110.0
3.0,4.0,12.97,72.53,4.48,9.26,50.16,149.33,1.442,0.32,UREA-46,200.1
8.0,5.0,18.84,29.21,6.71,23.08,9.76,67.13,5.848,4.507,DAP-18-46,207.5
7.0,2.0,11.4,95.0,6.39,14.44,16.51,221.76,0.574,0.1,UREA-46,177.5
8.0,4.0,20.58,74.15,6.58,5.83,24.84,88.56,3.115,0.742,UREA-46,174.8
12.0,4.0,19.11,60.54,6.71,27.4,55.24,181.74,3.653,0.175,UREA-46,218.4
7.0,7.0,25.3,52.05,6.08,83.04,11.96,266.66,1.035,0.54,DAP-18-46,119.8
7.0,7.0,21.39,44.09,8.3,114.71,17.72,381.87,1.283,0.1,MAP-12-61,120.9
11.0,8.0,20.0,30.64,7.23,6.13,16.86,165.34,5.285,1.301,UREA-46,178.1
2.0,3.0,20.76,95.0,6.92,44.56,43.1,165.54,1.922,0.917,NIT-27,146.1
8.0,8.0,13.57,53.71,8.46,42.21,49.23,209.47,3.716,0.1,UREA-46,185.6
9.0,6.0,17.7,60.47,6.01,37.6,109.33,30.0,5.017,2.012,KCL-60,153.0
1.0,3.0,18.53,70.96,5.32,27.94,76.78,259.4,2.425,0.554,UREA-46,168.2
12.0,7.0,10.53,58.0,4.83,157.56,16.98,195.67,1.024,1.439,HUMUS-ORG,4338.1
12.0,2.0,12.23,70.55,7.37,8.35,10.8,162.24,1.369,2.099,UREA-46,132.9
4.0,4.0,20.62,73.08,6.69,21.96,24.43,176.93,1.381,4.021,SA-21,240.2
5.0,7.0,14.36,36.89,6.3,126.07,41.32,192.97,3.238,1.563,DAP-18-46,137.0
5.0,2.0,22.14,70.81,5.26,42.64,9.73,264.27,1.596,3.348,NPK-15-15-15,275.5
5.0,1.0,15.67,40.41,5.89,32.0,13.17,117.97,1.162,3.858,UREA-46,211.2
3.0,7.0,10.14,58.82,4.57,57.04,41.34,185.18,7.185,1.739,DAP-18-46,105.1
8.0,1.0,20.12,40.94,4.0,93.1,20.08,222.75,2.077,0.146,DAP-18-46,218.6
3.0,6.0,18.39,51.4,5.24,15.87,8.98,107.6,4.638,0.904,DAP-18-46,176.0
5.0,4.0,20.59,61.16,7.18,17.93,33.02,30.0,3.301,1.333,UREA-46,186.4
7.0,8.0,20.66,37.1,5.53,36.63,26.15,242.32,7.029,1.583,DAP-18-46,236.9
4.0,5.0,11.68,89.72,5.51,128.03,86.37,207.66,6.783,1.075,KNO3-13-46,112.9
7.0,5.0,15.0,63.41,7.87,28.38,53.95,149.3,4.672,1.681,UREA-46,136.3
12.0,8.0,21.81,62.44,5.21,39.63,57.38,216.99,1.221,3.289,HUMUS-ORG,4266.8
8.0,8.0,22.76,59.35,7.09,29.84,7.34,30.0,2.406,1.073,DAP-18-46,181.9
12.0,1.0,21.87,77.67,7.0,124.12,25.05,66.84,4.05,1.579,KCL-60,135.6
12.0,2.0,11.29,79.79,7.71,43.07,5.52,130.66,1.246,1.25,MAP-12-61,130.4
5.0,1.0,17.87,71.18,7.89,19.09,36.45,137.89,0.719,2.225,UREA-46,115.0
8.0,1.0,24.2,41.42,4.15,50.41,82.38,214.99,1.711,0.958,UREA-46,230.3
11.0,3.0,15.65,65.51,6.58,55.41,26.32,89.67,1.597,1.027,DAP-18-46,230.5
3.0,4.0,28.05,61.51,6.57,16.48,18.84,155.58,0.763,1.766,UREA-46,104.4
10.0,1.0,16.01,66.45,6.24,15.57,14.94,122.83,3.271,0.952,DAP-18-46,157.6
4.0,6.0,19.61,46.49,5.14,47.43,24.92,46.44,2.19,0.542,KCL-60,211.8
7.0,8.0,11.16,58.93,5.69,43.11,16.33,88.1,1.976,0.108,DAP-18-46,172.7
12.0,6.0,19.86,61.84,7.15,13.46,13.57,83.07,0.796,0.873,NPK-15-15-15,238.5
1.0,4.0,15.05,95.0,5.84,26.94,108.64,200.89,0.57,0.48,NPK-15-15-15,217.3
11.0,2.0,14.15,94.86,7.09,125.41,10.38,216.77,8.218,0.355,KCL-60,200.8
1.0,1.0,9.1,76.07,5.59,30.5,14.2,174.85,0.933,0.1,NPK-15-15-15,199.0
2.0,1.0,14.68,73.62,6.46,22.26,77.74,276.04,1.355,1.113,UREA-46,111.9
8.0,1.0,21.13,53.92,5.94,54.82,14.3,184.53,2.506,5.806,DAP-18-46,111.0
11.0,6.0,21.06,75.41,6.34,32.11,28.14,159.64,1.147,0.257,DAP-18-46,192.3
7.0,5.0,19.12,41.66,6.8,21.47,43.98,104.36,1.034,0.46,UREA-46,225.2
12.0,6.0,20.33,63.61,6.64,18.57,63.84,155.47,1.875,1.117,UREA-46,183.0
4.0,3.0,16.82,81.51,5.65,21.09,46.07,215.95,0.912,0.593,UREA-46,187.4
1.0,5.0,21.83,68.83,5.66,77.05,33.56,219.3,2.632,0.941,DAP-18-46,195.5
12.0,1.0,20.59,43.87,6.09,9.63,32.35,122.94,1.676,0.998,UREA-46,161.1
4.0,7.0,14.66,49.24,4.83,37.09,25.05,149.86,1.784,0.982,DAP-18-46,246.1
8.0,1.0,10.94,94.21,6.91,7.36,90.62,142.76,1.458,1.503,UREA-46,247.5
5.0,1.0,19.02,43.11,5.45,16.67,11.14,195.09,2.427,0.491,UREA-46,143.3
4.0,3.0,17.49,58.96,5.83,41.45,17.51,160.69,10.413,0.1,DAP-18-46,182.0
12.0,1.0,12.53,42.73,5.18,110.16,24.07,120.84,0.541,0.848,HUMUS-ORG,3065.9
7.0,8.0,17.01,63.97,6.15,188.74,3.11,349.72,0.705,1.661,DAP-18-46,120.7
8.0,8.0,18.16,72.21,6.7,32.49,30.14,159.51,2.621,6.514,DAP-18-46,223.9
1.0,2.0,12.7,77.57,5.75,37.66,46.43,139.29,3.083,0.76,NPK-12-24-12,184.7
2.0,3.0,22.18,46.7,6.6,61.04,31.3,68.89,2.347,0.577,KCL-60,128.9
2.0,7.0,12.24,51.13,7.4,34.4,11.09,97.43,4.454,1.587,DAP-18-46,134.8
10.0,7.0,16.36,70.43,4.26,17.71,5.15,183.5,0.773,0.641,DAP-18-46,106.5
6.0,1.0,15.85,49.15,6.68,39.76,4.12,211.04,0.699,1.636,DAP-18-46,236.8
1.0,1.0,18.36,70.38,5.83,21.02,45.09,81.73,2.773,0.917,NPK-15-15-15,235.2
6.0,3.0,14.4,32.12,7.03,11.09,112.77,180.32,2.121,3.02,UREA-46,103.3
10.0,5.0,10.45,68.29,5.78,29.58,51.36,201.7,2.985,2.025,UREA-46,225.5
4.0,5.0,21.28,88.9,6.21,9.58,40.1,184.96,1.006,1.397,UREA-46,131.7
9.0,7.0,23.77,82.34,6.51,14.77,15.47,338.61,1.029,1.207,UREA-46,161.1
7.0,5.0,15.73,87.78,5.28,128.72,33.55,227.25,1.692,0.977,DAP-18-46,127.9
8.0,8.0,19.86,68.95,5.95,22.4,4.54,30.0,2.848,0.1,DAP-18-46,248.5
3.0,5.0,18.72,86.41,6.46,57.71,21.11,182.47,3.167,3.633,DAP-18-46,114.0
2.0,8.0,16.29,74.58,6.63,56.76,17.82,172.75,3.909,2.056,DAP-18-46,200.6
9.0,6.0,17.76,89.98,5.63,11.06,15.91,251.71,1.119,2.4,UREA-46,132.1
6.0,4.0,18.53,36.54,5.4,31.85,59.79,195.01,1.045,0.274,HUMUS-ORG,3726.7
8.0,3.0,24.66,75.87,5.03,39.76,5.15,126.38,1.763,0.177,KCL-60,106.4
11.0,2.0,27.2,79.6,5.5,25.39,9.91,233.25,1.063,0.626,DAP-18-46,245.0
10.0,8.0,14.17,79.7,6.78,53.05,39.77,316.94,3.827,0.472,DAP-18-46,152.9
6.0,2.0,20.73,31.2,4.49,75.38,45.11,317.69,1.479,1.408,HUMUS-ORG,4628.7
12.0,6.0,16.97,48.09,6.57,55.18,18.25,146.72,0.753,2.698,DAP-18-46,212.9
12.0,8.0,11.42,75.91,7.21,32.78,24.02,246.15,1.783,0.1,DAP-18-46,215.3
7.0,7.0,14.56,54.61,5.73,42.02,18.35,236.3,1.983,3.102,DAP-18-46,177.6
2.0,1.0,14.66,67.68,7.59,23.66,50.03,45.05,6.657,0.58,UREA-46,223.0
3.0,3.0,22.44,77.06,6.47,16.82,31.13,184.94,1.34,1.102,NPK-15-15-15,363.1
11.0,6.0,17.54,95.0,5.59,29.24,4.74,67.46,1.856,0.1,DAP-18-46,188.4
11.0,8.0,26.01,51.04,5.57,67.56,12.2,166.77,1.749,0.367,DAP-18-46,213.9
2.0,6.0,16.8,77.3,4.15,22.41,37.25,30.68,1.792,1.871,UREA-46,237.7
8.0,7.0,27.07,62.23,5.71,14.89,9.82,166.39,1.439,0.727,DAP-18-46,236.4
3.0,4.0,10.67,80.56,5.91,39.06,5.94,158.15,2.999,1.435,DAP-18-46,182.6
4.0,6.0,13.34,60.53,6.48,164.81,31.77,233.84,0.584,8.599,DAP-18-46,114.8
2.0,2.0,13.91,91.77,5.36,78.18,17.05,152.16,2.488,0.504,UREA-46,240.3
9.0,8.0,21.24,41.35,6.55,24.94,34.63,214.3,0.99,1.804,UREA-46,104.1
7.0,4.0,22.54,33.97,5.44,59.99,65.22,261.06,1.703,3.636,UREA-46,141.6
9.0,2.0,23.48,71.82,6.41,75.64,25.05,224.82,0.965,2.979,NPK-12-24-12,199.6
5.0,8.0,22.04,70.83,4.91,42.64,46.82,113.64,1.536,0.532,UREA-46,106.2
11.0,2.0,19.47,32.99,5.92,45.77,9.16,157.21,0.806,0.535,KCL-60,299.1
3.0,1.0,8.85,74.94,5.5,74.94,68.8,247.05,1.485,0.1,KNO3-13-46,115.1
11.0,6.0,23.33,63.41,6.2,22.46,7.66,232.27,3.409,0.644,DAP-18-46,176.8
5.0,7.0,30.21,89.54,7.74,62.97,19.2,95.16,1.701,0.223,MAP-12-61,178.2
2.0,4.0,16.9,95.0,4.98,24.53,82.22,176.9,1.538,1.317,NPK-15-15-15,232.1
6.0,5.0,12.32,62.59,7.53,18.89,17.42,30.0,1.378,0.509,MAP-12-61,178.3
3.0,7.0,17.67,31.65,7.19,48.76,35.61,280.96,0.796,0.496,DAP-18-46,131.5
6.0,2.0,16.54,61.02,5.4,123.35,5.48,313.82,1.027,0.376,HUMUS-ORG,3329.1
12.0,7.0,12.66,45.07,4.92,47.81,16.97,145.03,6.8,0.52,DAP-18-46,148.4
6.0,6.0,24.32,71.24,5.08,131.96,33.83,229.22,1.124,1.887,HUMUS-ORG,3565.4
3.0,1.0,20.55,63.25,6.81,10.86,29.18,249.04,6.384,0.1,UREA-46,100.0
2.0,6.0,9.11,67.85,5.64,93.05,24.83,260.12,2.028,0.797,DAP-18-46,135.4
9.0,1.0,15.56,66.93,7.48,2.0,35.2,284.6,0.946,0.443,UREA-46,137.1
2.0,7.0,17.29,52.11,6.51,81.51,89.99,106.37,0.578,0.244,UREA-46,184.3
4.0,6.0,23.23,45.68,6.98,200.0,47.03,157.3,0.631,1.937,DAP-18-46,103.5
12.0,1.0,15.35,85.56,7.81,39.91,75.24,64.92,1.482,0.367,KCL-60,117.0
2.0,3.0,17.32,67.37,5.92,69.43,2.05,208.52,1.197,7.021,NIT-27,170.8
5.0,5.0,24.23,68.63,6.63,24.0,24.94,306.95,5.795,5.853,UREA-46,174.1
11.0,6.0,25.03,63.32,5.84,41.9,3.39,268.69,2.097,2.404,DAP-18-46,107.0
8.0,3.0,9.68,55.57,6.03,26.63,13.2,255.11,1.174,0.71,KCL-60,201.3
4.0,8.0,16.4,80.64,6.09,69.21,71.23,64.21,1.912,1.536,KCL-60,288.9
3.0,5.0,7.41,46.57,5.96,15.56,53.92,183.14,0.926,0.309,UREA-46,239.0
12.0,4.0,16.02,45.6,6.11,66.94,21.13,272.06,0.94,0.1,DAP-18-46,223.2
11.0,2.0,15.39,38.97,6.36,31.27,14.53,139.02,2.68,1.852,KCL-60,272.0
12.0,2.0,13.68,54.84,5.73,72.54,55.43,252.15,0.829,0.722,KNO3-13-46,133.3
10.0,3.0,19.14,70.0,5.15,27.81,25.74,229.85,0.823,1.227,HUMUS-ORG,2529.5
8.0,5.0,12.79,51.27,7.59,33.18,12.33,142.41,0.829,1.054,MAP-12-61,175.2
5.0,5.0,25.29,95.0,5.96,20.41,80.95,51.11,7.455,2.335,UREA-46,244.7
4.0,1.0,23.96,55.9,5.46,56.44,33.83,231.82,10.534,0.704,UREA-46,125.5
3.0,5.0,23.34,35.25,4.88,54.47,12.65,87.83,3.954,0.567,DAP-18-46,195.0
4.0,7.0,10.58,72.06,7.78,30.34,17.84,192.04,2.979,2.34,MAP-12-61,97.2
8.0,5.0,10.16,67.33,4.94,77.27,42.31,168.0,3.102,7.398,DAP-18-46,193.4
4.0,3.0,21.17,55.76,5.77,29.16,11.76,251.98,3.169,0.805,DAP-18-46,194.7
4.0,7.0,25.2,39.26,4.73,20.07,21.93,84.49,6.649,0.1,UREA-46,136.5
5.0,8.0,27.84,55.94,6.68,88.84,64.82,203.31,1.05,0.1,KNO3-13-46,120.7
6.0,1.0,20.97,44.65,6.38,52.2,89.09,74.58,2.458,0.726,KCL-60,100.3
1.0,7.0,22.97,80.18,6.48,17.18,2.32,193.63,0.709,2.113,DAP-18-46,101.4
1.0,4.0,20.21,65.21,6.31,23.99,47.37,118.32,5.372,0.704,NPK-15-15-15,154.2
2.0,5.0,10.51,79.14,5.61,44.98,35.41,38.44,0.731,0.338,KCL-60,130.9
5.0,1.0,21.89,65.76,6.35,36.37,22.32,208.24,0.604,1.673,UREA-46,151.8
11.0,6.0,13.01,45.47,5.18,33.34,22.8,176.94,0.616,4.523,HUMUS-ORG,3745.8
4.0,6.0,9.13,24.87,5.55,34.3,66.04,74.01,3.579,2.262,KCL-60,212.8
5.0,6.0,18.56,72.06,5.42,60.72,14.92,102.07,2.342,1.725,SA-21,203.9
11.0,5.0,30.71,42.96,7.12,70.61,15.61,78.3,3.473,1.827,KCL-60,236.5
5.0,4.0,18.0,50.92,5.87,19.48,3.09,164.66,1.562,2.572,DAP-18-46,157.6
7.0,7.0,28.92,65.32,5.0,19.43,10.35,290.57,1.698,0.607,DAP-18-46,228.4
8.0,5.0,22.62,95.0,6.72,34.11,5.3,220.19,0.541,2.78,DAP-18-46,186.7
3.0,3.0,22.77,64.48,7.39,20.02,9.28,122.71,0.906,1.054,DAP-18-46,131.8
7.0,5.0,21.04,67.37,6.86,124.15,28.31,222.64,2.196,0.686,DAP-18-46,170.6
6.0,4.0,13.69,63.84,6.29,117.82,26.51,120.05,2.644,0.362,NPK-10-26-26,170.7
3.0,7.0,11.12,95.0,6.38,16.61,11.49,216.56,2.47,1.213,DAP-18-46,194.8
12.0,8.0,13.8,70.8,4.89,22.2,21.73,294.9,1.706,1.425,DAP-18-46,222.1
6.0,5.0,27.44,59.59,8.05,42.21,125.28,125.64,0.74,0.261,UREA-46,157.5
9.0,2.0,25.15,39.86,7.41,50.21,7.35,246.65,2.282,3.498,NPK-12-24-12,281.7
8.0,3.0,11.75,43.5,5.78,171.62,43.59,183.84,2.457,1.648,KCL-60,263.6
1.0,2.0,16.54,69.52,5.0,67.9,37.31,115.25,0.636,0.298,HUMUS-ORG,3880.8
9.0,5.0,15.05,89.99,7.05,148.01,17.56,268.05,15.0,0.337,DAP-18-46,178.5
6.0,8.0,8.6,67.73,6.28,23.45,9.01,169.46,8.012,1.305,DAP-18-46,222.2
3.0,3.0,17.77,81.64,5.93,76.58,23.82,144.23,2.829,1.008,NPK-15-15-15,174.0
4.0,4.0,15.29,71.58,6.5,61.71,63.11,78.48,2.92,1.36,KCL-60,272.2
4.0,4.0,14.71,52.04,6.25,61.23,30.5,106.6,2.005,1.093,SA-21,156.1
3.0,2.0,20.35,84.76,6.34,56.83,17.07,296.06,3.35,1.457,SA-21,290.5
1.0,7.0,26.2,66.0,6.74,65.86,10.28,280.56,10.911,1.903,DAP-18-46,112.7
11.0,3.0,25.89,95.0,7.84,24.86,44.61,133.3,3.225,1.724,UREA-46,172.2
6.0,8.0,27.47,74.12,6.27,37.94,38.57,30.0,6.697,4.674,KCL-60,285.4
7.0,4.0,13.43,46.86,4.53,25.83,31.6,250.35,4.711,0.1,UREA-46,107.2
2.0,4.0,32.72,83.69,7.06,111.39,26.1,193.64,2.428,1.091,NPK-15-15-15,376.3
11.0,4.0,17.45,67.41,7.3,15.15,46.04,139.74,2.867,0.322,UREA-46,171.0
7.0,8.0,23.39,62.05,7.14,29.72,69.16,75.06,4.569,0.364,UREA-46,179.1
2.0,2.0,20.28,92.63,7.38,46.19,19.25,200.48,1.848,0.566,UREA-46,158.3
7.0,1.0,17.98,50.64,8.5,27.18,27.15,187.75,9.204,1.836,DAP-18-46,150.4
7.0,2.0,15.51,61.24,6.26,35.31,6.25,354.19,2.425,2.683,NPK-15-15-15,235.6
3.0,3.0,21.95,66.38,7.35,66.94,19.97,318.71,2.391,1.062,NPK-15-15-15,327.3
1.0,6.0,18.8,61.66,6.47,33.02,7.96,145.99,0.675,3.576,DAP-18-46,142.2
11.0,7.0,16.13,72.27,5.46,20.01,12.16,163.36,4.163,0.229,DAP-18-46,232.7
1.0,6.0,17.49,68.25,7.88,79.14,15.81,285.23,0.767,0.733,MAP-12-61,168.0
2.0,2.0,26.97,40.53,5.67,24.16,34.53,203.18,0.54,2.876,UREA-46,178.2
4.0,4.0,17.15,49.58,5.53,33.93,48.54,301.14,2.438,0.836,SA-21,344.5
10.0,2.0,17.65,68.1,6.6,50.9,19.53,324.81,2.832,1.448,DAP-18-46,227.1
8.0,3.0,5.68,51.95,5.7,100.28,6.36,209.0,7.605,0.334,KCL-60,108.1
11.0,6.0,6.22,54.64,5.32,65.35,39.73,169.32,0.957,0.467,HUMUS-ORG,2189.7
3.0,6.0,8.96,82.85,6.04,15.13,12.62,265.4,3.766,0.1,DAP-18-46,154.8
12.0,2.0,16.86,62.19,6.0,133.94,7.82,185.29,10.067,0.956,NPK-15-15-15,190.7
7.0,6.0,26.28,75.07,6.94,86.37,29.17,196.33,3.905,0.962,DAP-18-46,144.2
6.0,8.0,37.91,78.4,4.24,24.99,53.04,147.38,1.099,1.471,HUMUS-ORG,4432.8
2.0,2.0,15.08,55.16,4.96,97.14,9.02,257.79,8.41,0.615,UREA-46,131.9
7.0,3.0,22.3,70.92,7.06,89.72,21.33,166.08,3.64,3.952,DAP-18-46,219.5
1.0,7.0,15.9,53.4,6.45,60.29,12.54,30.55,0.555,2.336,KCL-60,163.4
5.0,4.0,10.93,72.34,7.32,25.28,50.47,53.86,3.661,3.187,UREA-46,196.2
5.0,7.0,21.43,52.53,6.79,13.08,4.85,101.66,3.105,0.263,DAP-18-46,239.5
12.0,1.0,5.0,57.95,5.86,194.82,25.65,143.3,1.937,0.1,DAP-18-46,238.7
9.0,7.0,21.03,66.53,5.49,5.83,8.25,240.59,1.588,2.583,DAP-18-46,181.0
5.0,4.0,13.71,63.14,6.33,65.32,37.18,188.32,0.614,4.691,DAP-18-46,163.6
3.0,1.0,26.45,67.68,8.16,35.82,28.68,123.07,1.23,1.432,NPK-15-15-15,264.0
3.0,4.0,22.6,74.68,6.85,39.03,59.73,313.42,0.718,0.515,UREA-46,181.6
3.0,3.0,18.89,37.73,6.61,34.0,25.02,110.02,1.819,2.477,NPK-15-15-15,342.5
8.0,6.0,9.72,76.25,7.8,77.5,42.04,276.79,5.231,1.662,KNO3-13-46,123.3
1.0,5.0,11.97,58.39,4.0,200.0,26.69,268.89,4.953,1.432,DAP-18-46,204.5
7.0,1.0,30.64,78.75,6.91,102.27,91.92,240.9,1.894,0.408,KNO3-13-46,50.4
6.0,6.0,7.37,52.33,6.78,160.56,25.02,150.2,1.129,0.359,DAP-18-46,161.4
6.0,2.0,21.6,49.51,5.66,6.0,18.22,103.91,0.758,2.345,UREA-46,185.0
12.0,2.0,6.96,42.23,6.25,34.25,22.94,221.68,3.974,0.233,NPK-15-15-15,305.5
7.0,7.0,12.48,92.29,4.79,17.41,24.77,238.67,9.408,0.22,UREA-46,185.2
11.0,7.0,12.66,66.0,7.84,68.92,42.9,272.7,1.108,0.777,KNO3-13-46,127.6
2.0,2.0,18.41,50.28,5.25,34.59,29.38,82.21,1.891,0.612,UREA-46,184.8
11.0,5.0,21.59,78.29,5.67,72.65,18.55,36.88,1.461,0.828,KCL-60,198.5
3.0,4.0,5.0,71.76,5.72,31.59,38.39,148.05,1.694,0.67,UREA-46,158.8
7.0,4.0,18.13,28.2,5.01,63.78,28.83,161.54,1.198,3.221,HUMUS-ORG,3683.1
5.0,4.0,16.05,48.48,4.0,57.27,27.05,171.99,4.148,0.652,DAP-18-46,233.5
6.0,8.0,19.49,67.21,5.28,52.43,21.3,201.12,3.498,0.235,DAP-18-46,102.2
11.0,3.0,19.75,57.55,5.99,37.83,20.27,92.38,3.664,0.368,DAP-18-46,139.6
5.0,1.0,22.72,91.45,5.3,59.93,24.89,30.0,2.598,1.02,KCL-60,228.4
7.0,4.0,5.0,95.0,4.51,83.35,51.94,247.96,0.609,2.044,HUMUS-ORG,3458.5
5.0,2.0,13.82,40.97,6.59,31.96,7.34,127.11,0.878,0.467,NPK-15-15-15,163.2
9.0,2.0,20.56,54.38,6.78,15.36,39.6,37.76,0.599,1.026,NPK-12-24-12,129.7
6.0,1.0,27.07,41.37,7.12,16.83,43.13,269.36,1.363,1.009,UREA-46,116.6
10.0,8.0,13.61,42.64,5.77,10.2,60.98,236.02,2.414,1.484,UREA-46,238.3
10.0,8.0,16.78,64.01,5.82,13.85,26.47,61.03,1.944,4.079,UREA-46,180.2
8.0,8.0,15.84,60.54,6.24,19.78,15.99,187.51,1.459,1.125,DAP-18-46,242.0
5.0,5.0,23.8,40.3,4.17,16.15,6.08,297.19,8.63,0.591,DAP-18-46,247.5
6.0,5.0,16.16,53.28,6.25,20.9,13.07,45.23,1.51,2.062,DAP-18-46,192.4
4.0,6.0,15.44,31.76,7.27,117.74,63.04,345.62,2.82,0.979,KNO3-13-46,143.4
1.0,2.0,20.03,71.82,6.53,38.75,21.12,176.7,0.769,3.488,NPK-12-24-12,226.0
5.0,5.0,22.51,37.93,5.02,2.09,13.45,112.9,0.623,0.611,UREA-46,204.3
12.0,2.0,21.64,50.38,6.81,25.36,26.73,318.97,2.198,1.776,NPK-15-15-15,388.0
9.0,5.0,27.13,66.83,6.33,34.42,36.2,297.07,5.362,1.185,UREA-46,161.7
2.0,7.0,26.91,52.83,6.06,28.84,9.52,183.73,3.061,1.44,DAP-18-46,183.0
8.0,3.0,22.05,92.29,6.85,72.75,40.17,195.42,2.036,2.324,KCL-60,105.5
10.0,2.0,18.78,60.63,4.12,14.57,34.48,109.55,3.141,1.228,UREA-46,154.4
6.0,8.0,23.13,53.06,5.68,68.7,35.47,173.51,5.057,2.248,DAP-18-46,149.1
9.0,8.0,18.12,45.78,6.15,11.98,16.65,30.0,0.616,0.673,UREA-46,213.5
10.0,1.0,24.87,71.77,5.53,44.02,47.75,177.57,7.057,0.336,UREA-46,139.6
9.0,4.0,18.31,67.01,5.08,33.69,28.71,30.0,0.849,0.903,KCL-60,118.2
10.0,4.0,15.89,72.67,5.19,23.39,19.16,103.09,0.895,0.406,HUMUS-ORG,3718.3
9.0,6.0,17.01,52.24,5.96,90.63,26.59,268.52,2.457,2.496,DAP-18-46,197.2
4.0,8.0,25.96,33.41,5.92,38.65,80.95,165.8,1.581,3.245,UREA-46,243.2
4.0,8.0,18.56,95.0,6.03,11.68,6.03,199.0,2.597,9.995,DAP-18-46,243.0
1.0,5.0,10.86,62.82,5.09,30.61,73.62,145.53,2.683,1.383,DAP-18-46,129.1
2.0,7.0,17.35,87.31,4.62,66.68,56.86,159.82,0.868,2.361,HUMUS-ORG,3307.5
5.0,7.0,19.14,26.76,6.55,22.62,7.11,167.81,4.022,0.77,DAP-18-46,151.5
12.0,6.0,21.42,95.0,6.66,77.99,37.66,256.3,1.287,1.173,DAP-18-46,248.8
5.0,5.0,11.46,45.72,4.0,26.38,31.84,222.33,5.104,1.253,UREA-46,217.0
8.0,6.0,16.8,71.18,6.07,43.55,15.61,199.53,1.243,1.302,DAP-18-46,150.9
9.0,8.0,10.83,89.02,6.21,80.13,36.47,203.43,1.129,1.002,DAP-18-46,227.8
6.0,5.0,15.69,58.23,6.9,22.59,26.48,91.32,0.829,1.014,UREA-46,198.3
10.0,8.0,17.11,62.18,7.13,108.33,46.78,209.46,1.506,0.1,KNO3-13-46,95.0
4.0,1.0,21.9,55.04,6.87,26.95,5.24,236.77,0.986,0.666,DAP-18-46,198.0
8.0,7.0,5.0,46.8,7.46,58.53,53.72,47.29,1.592,0.66,KCL-60,268.5
1.0,7.0,12.73,63.58,6.21,58.61,20.09,185.85,0.955,0.519,DAP-18-46,122.8
3.0,3.0,18.8,30.81,5.72,135.78,84.27,106.21,2.66,0.407,NPK-15-15-15,215.5
5.0,3.0,7.97,53.36,6.12,59.5,4.36,208.88,2.369,2.277,DAP-18-46,215.3
12.0,8.0,20.09,67.76,5.28,57.36,7.92,266.73,1.716,0.1,DAP-18-46,157.1
8.0,3.0,16.46,53.35,6.92,133.95,5.16,115.83,0.591,0.484,KCL-60,238.7
2.0,4.0,23.09,65.62,6.57,24.9,17.95,72.02,0.658,1.008,NPK-15-15-15,183.5
8.0,2.0,21.2,23.4,7.21,63.2,39.33,128.69,1.001,0.155,NPK-15-15-15,339.3
3.0,7.0,23.26,76.19,6.28,79.29,36.47,227.77,1.465,3.871,DAP-18-46,117.3
3.0,7.0,5.0,49.89,6.04,131.05,9.3,115.68,1.642,0.902,DAP-18-46,123.5
9.0,1.0,13.7,75.17,5.41,39.14,7.31,158.7,1.752,1.366,DAP-18-46,155.1
11.0,2.0,23.21,84.21,6.59,40.05,22.87,171.93,7.25,0.611,KCL-60,293.5
5.0,6.0,16.25,46.35,8.29,37.63,26.04,155.26,1.409,0.152,SA-21,199.5
10.0,5.0,28.71,79.4,7.55,27.93,16.73,187.35,2.148,2.946,MAP-12-61,129.2
10.0,8.0,24.1,67.26,5.57,84.05,34.02,149.61,4.832,1.85,DAP-18-46,119.7
8.0,5.0,16.91,82.06,4.96,2.97,65.17,220.91,1.066,1.652,UREA-46,197.5
1.0,1.0,8.49,90.64,6.34,23.93,22.55,200.95,4.864,0.898,NPK-15-15-15,246.9
4.0,3.0,12.9,59.98,6.26,17.62,20.94,372.93,0.59,4.519,UREA-46,141.3
9.0,5.0,18.86,51.38,7.53,7.51,10.92,157.6,2.263,0.134,UREA-46,107.0
2.0,2.0,17.02,49.41,6.41,79.75,51.56,283.46,1.001,1.741,KNO3-13-46,149.5
4.0,5.0,17.76,95.0,4.45,30.72,18.06,208.93,5.862,0.388,DAP-18-46,234.4
2.0,6.0,24.64,48.24,5.94,28.08,40.25,62.72,3.198,1.985,UREA-46,234.6
7.0,6.0,14.99,48.39,7.74,7.82,16.52,268.71,3.789,2.505,UREA-46,217.5
2.0,4.0,19.91,64.29,4.97,25.45,33.88,214.03,1.684,1.619,NPK-15-15-15,232.5
2.0,4.0,13.96,48.48,5.61,110.6,13.11,235.76,1.187,1.282,NPK-15-15-15,290.2
9.0,7.0,22.59,85.81,7.07,48.35,122.81,35.2,3.696,1.199,KCL-60,257.2
9.0,7.0,28.64,77.41,7.12,4.3,4.81,294.38,3.282,2.673,DAP-18-46,227.9
8.0,3.0,28.43,63.17,6.83,23.72,14.93,225.61,1.461,0.166,KCL-60,243.3
4.0,1.0,16.06,80.14,6.19,18.96,40.1,276.15,0.667,0.337,UREA-46,167.0
12.0,4.0,22.77,74.72,7.05,83.63,26.35,137.12,2.552,7.48,DAP-18-46,163.8
5.0,6.0,20.11,37.62,6.12,18.01,20.83,235.1,0.657,1.183,SA-21,288.3
11.0,6.0,18.21,44.65,6.03,74.75,23.27,192.57,1.549,1.071,DAP-18-46,235.6
10.0,7.0,23.0,95.0,6.32,34.19,12.17,111.71,5.98,1.085,HUMUS-ORG,4217.3
2.0,7.0,6.46,54.76,6.02,63.17,21.28,237.6,1.474,2.396,DAP-18-46,150.8
12.0,5.0,13.25,49.68,6.95,9.38,10.99,235.35,2.238,0.678,UREA-46,164.8
11.0,1.0,14.98,42.18,8.2,39.58,46.63,306.46,5.318,2.086,UREA-46,216.8
12.0,6.0,12.53,48.52,6.43,116.31,3.64,208.68,2.252,0.254,DAP-18-46,119.2
8.0,5.0,23.25,64.83,5.79,15.37,37.72,218.09,0.652,1.297,UREA-46,195.4
4.0,4.0,19.91,86.37,7.3,19.08,11.27,224.4,1.688,2.153,SA-21,254.9
3.0,5.0,6.13,64.86,6.26,61.72,10.5,89.82,2.605,0.704,DAP-18-46,198.1
1.0,4.0,19.22,85.29,4.99,33.79,7.98,265.47,0.718,2.449,HUMUS-ORG,3332.3
1.0,1.0,15.12,55.17,6.9,53.27,60.15,161.57,6.505,0.854,NPK-15-15-15,173.6
1.0,1.0,24.6,54.06,6.33,32.18,5.55,161.67,2.063,2.776,NPK-15-15-15,217.6
8.0,7.0,21.29,47.0,5.98,105.22,24.6,155.33,0.581,0.1,DAP-18-46,190.0
7.0,6.0,16.54,67.62,6.28,130.13,17.35,214.05,1.697,5.023,DAP-18-46,139.7
11.0,5.0,12.33,67.97,5.0,35.85,45.71,36.24,6.394,1.288,KCL-60,213.2
11.0,6.0,5.0,25.72,7.2,14.14,44.42,149.21,0.801,1.709,UREA-46,249.6
2.0,5.0,13.1,53.22,5.53,30.61,32.21,216.85,1.059,2.55,SA-21,298.8
4.0,1.0,15.29,40.65,5.17,41.47,49.51,175.81,1.889,11.015,UREA-46,165.4
8.0,4.0,26.95,54.14,6.08,52.03,53.19,265.03,4.719,1.287,UREA-46,100.7
1.0,2.0,16.58,38.13,7.3,33.77,8.42,228.12,3.784,2.271,NPK-12-24-12,292.6
2.0,8.0,8.64,84.7,5.84,42.88,53.42,274.72,2.184,0.674,UREA-46,249.1
4.0,6.0,28.21,80.21,5.45,30.29,9.74,220.79,4.042,1.584,DAP-18-46,176.1
1.0,8.0,12.9,57.82,5.52,60.94,31.15,170.14,1.445,0.579,DAP-18-46,205.1
7.0,4.0,21.11,76.78,6.73,49.93,38.23,150.01,1.175,0.683,DAP-18-46,219.0
3.0,7.0,12.44,42.83,5.36,51.72,18.04,213.95,0.969,4.008,HUMUS-ORG,3592.1
3.0,3.0,20.79,41.6,7.45,44.81,21.4,239.15,1.121,1.405,NPK-15-15-15,306.0
11.0,7.0,10.51,64.07,6.59,19.08,14.37,30.0,1.478,0.557,NPK-15-15-15,336.8
4.0,2.0,30.78,69.33,5.76,12.79,18.06,195.47,0.575,0.688,UREA-46,133.6
1.0,7.0,10.7,49.99,6.69,89.39,42.01,188.11,1.032,4.307,DAP-18-46,160.2
2.0,1.0,18.67,46.19,7.25,19.01,25.67,230.19,0.985,1.918,UREA-46,192.7
3.0,3.0,23.63,49.17,6.58,29.42,1.0,205.84,3.922,0.887,DAP-18-46,201.8
12.0,5.0,5.75,73.01,5.52,103.21,6.37,138.47,8.34,6.155,DAP-18-46,130.3
7.0,5.0,9.92,43.11,5.9,78.32,43.12,202.49,1.044,0.265,KNO3-13-46,125.1
9.0,7.0,19.33,78.41,7.73,24.14,82.38,132.66,4.255,0.95,HUMUS-ORG,4264.9
4.0,4.0,12.89,84.64,6.96,34.48,30.49,172.41,0.651,4.563,SA-21,272.5
4.0,7.0,18.44,85.75,5.79,106.63,23.93,108.18,7.969,0.307,DAP-18-46,206.1
1.0,7.0,14.53,45.48,6.75,135.08,70.43,168.34,0.734,2.595,DAP-18-46,123.9
9.0,1.0,25.82,61.0,5.55,20.33,14.73,187.24,2.088,0.203,DAP-18-46,112.1
2.0,4.0,18.06,72.61,5.96,38.05,13.64,273.67,8.528,0.436,NPK-15-15-15,167.8
11.0,6.0,16.73,58.39,5.91,12.31,80.62,42.72,6.222,1.697,UREA-46,192.7
9.0,1.0,22.86,70.33,4.61,96.24,26.2,169.61,1.218,4.259,HUMUS-ORG,4861.7
7.0,5.0,20.11,92.63,7.04,50.36,15.92,214.38,0.585,1.897,DAP-18-46,137.8
7.0,4.0,14.93,65.75,6.59,61.98,19.57,294.12,0.559,0.296,DAP-18-46,182.8
7.0,2.0,21.47,53.17,4.43,16.49,32.31,276.64,1.122,1.357,HUMUS-ORG,4716.2
2.0,7.0,21.06,79.27,7.36,118.74,6.37,30.0,2.223,1.172,KCL-60,160.1
4.0,7.0,23.98,95.0,6.15,22.56,21.77,245.68,0.535,0.867,DAP-18-46,223.1
4.0,7.0,8.04,66.6,8.39,200.0,30.58,335.34,1.594,2.515,DAP-18-46,174.2
3.0,3.0,13.51,63.66,5.95,22.1,15.79,317.21,0.573,1.439,NPK-15-15-15,252.9
8.0,5.0,29.21,64.93,6.83,57.28,63.44,139.86,3.342,0.15,UREA-46,161.6
12.0,6.0,19.72,64.32,6.29,43.79,23.29,231.62,1.249,3.479,DAP-18-46,164.4
8.0,2.0,24.33,58.98,5.34,53.78,6.73,154.48,0.556,0.357,HUMUS-ORG,3609.1
4.0,1.0,8.08,65.18,7.23,32.91,62.3,253.07,1.312,0.1,UREA-46,229.8
12.0,8.0,16.18,48.63,7.31,95.31,6.13,167.7,1.734,0.1,DAP-18-46,234.7
2.0,8.0,13.52,49.77,7.31,27.23,9.73,304.4,3.738,1.72,DAP-18-46,120.3
11.0,5.0,20.65,45.08,4.99,184.21,5.28,373.55,1.204,0.268,HUMUS-ORG,4211.3
4.0,1.0,17.49,63.06,8.5,30.52,31.97,232.84,3.96,1.558,UREA-46,170.9
4.0,4.0,13.47,89.03,6.83,44.89,102.11,254.41,3.552,5.915,SA-21,157.9
1.0,7.0,12.62,80.38,6.44,34.67,5.95,195.36,2.311,0.478,DAP-18-46,198.7
7.0,7.0,24.26,85.82,4.0,132.96,22.12,282.77,0.951,7.09,HUMUS-ORG,3390.8
10.0,5.0,13.16,69.99,6.34,66.63,4.78,205.55,1.129,1.291,DAP-18-46,139.7
4.0,8.0,12.74,69.36,6.74,18.13,26.15,30.0,1.346,0.656,UREA-46,104.3
12.0,7.0,18.08,95.0,6.88,17.9,10.89,157.4,0.996,1.22,DAP-18-46,226.4
3.0,8.0,22.19,67.81,6.5,23.87,7.9,299.9,2.961,0.546,DAP-18-46,192.7
11.0,5.0,23.83,85.74,5.26,19.21,13.68,245.11,3.643,0.175,DAP-18-46,140.4
11.0,2.0,12.55,46.22,5.91,19.3,37.18,36.62,0.826,2.43,KCL-60,256.8
4.0,4.0,14.11,61.85,6.8,107.04,7.75,165.26,1.66,1.108,SA-21,160.7
8.0,7.0,14.78,78.94,6.48,24.92,28.09,204.9,3.377,5.822,UREA-46,126.6
3.0,5.0,10.39,67.9,7.56,130.42,112.57,171.82,0.59,2.055,DAP-18-46,196.4
6.0,2.0,11.43,65.39,5.89,53.81,6.8,139.11,2.248,1.024,NPK-10-26-26,126.2
2.0,1.0,14.69,46.49,7.7,38.65,24.27,218.85,0.544,1.155,UREA-46,194.4
9.0,6.0,25.47,73.4,4.68,30.54,11.82,149.66,0.597,0.245,HUMUS-ORG,2375.3
4.0,7.0,22.57,87.19,6.17,200.0,4.49,68.24,1.994,3.814,KCL-60,212.0
2.0,7.0,21.82,58.59,5.87,41.96,19.46,153.16,6.349,2.345,DAP-18-46,135.2
9.0,8.0,11.59,57.05,7.81,13.46,28.86,231.7,3.453,0.766,UREA-46,162.1
2.0,7.0,9.12,88.84,6.17,60.78,101.0,291.92,0.567,2.619,KNO3-13-46,67.7
10.0,8.0,21.26,64.51,5.89,19.79,77.73,155.6,0.697,0.506,UREA-46,113.2
9.0,8.0,23.14,68.49,8.23,45.15,22.79,259.21,4.54,2.315,DAP-18-46,128.7
8.0,2.0,7.17,70.19,6.59,102.19,51.75,126.79,1.153,0.515,NPK-15-15-15,380.0
5.0,6.0,21.97,34.87,4.77,7.64,42.16,230.13,0.91,0.234,UREA-46,169.6
3.0,3.0,5.0,69.27,6.81,12.62,48.8,198.24,0.512,2.075,UREA-46,107.7
6.0,1.0,11.77,86.08,6.94,101.2,62.03,218.36,2.626,0.1,KNO3-13-46,58.7
9.0,2.0,26.08,29.41,6.81,15.03,16.49,173.03,5.723,1.119,NPK-12-24-12,273.4
4.0,8.0,17.94,75.4,5.22,16.34,43.19,218.08,4.998,0.486,UREA-46,169.9
3.0,8.0,11.79,70.06,5.52,85.92,7.77,85.24,7.04,1.051,DAP-18-46,197.0
12.0,6.0,14.6,53.54,6.32,37.69,17.77,262.23,0.604,0.648,DAP-18-46,202.3
7.0,1.0,18.56,61.72,7.33,42.76,23.84,241.34,6.008,0.496,DAP-18-46,152.2
5.0,7.0,17.42,71.3,6.15,38.97,43.26,258.74,3.064,1.673,UREA-46,249.7
4.0,3.0,15.51,58.3,5.26,53.96,50.97,30.0,6.597,1.264,KCL-60,141.7
5.0,2.0,10.76,66.88,5.09,33.49,71.82,266.55,1.59,1.859,NPK-15-15-15,228.6
2.0,8.0,14.25,32.51,5.47,6.73,26.31,215.22,7.69,0.79,UREA-46,103.8
4.0,3.0,26.01,51.01,6.78,31.09,74.1,200.43,1.103,0.632,UREA-46,231.2
3.0,6.0,27.91,62.84,5.37,110.64,22.19,327.81,5.92,2.111,DAP-18-46,189.5
7.0,5.0,20.4,81.84,6.13,50.3,100.64,222.81,2.892,3.322,UREA-46,224.7
9.0,3.0,16.33,79.87,5.83,46.87,25.96,160.19,1.036,1.239,DAP-18-46,111.2
9.0,4.0,16.96,60.1,5.91,22.3,33.01,80.87,3.858,0.435,UREA-46,234.5
5.0,8.0,7.8,69.92,6.43,22.76,15.3,166.32,7.504,1.634,DAP-18-46,175.9
5.0,7.0,10.53,63.42,5.93,41.18,75.16,92.41,2.14,3.762,UREA-46,162.9
12.0,1.0,17.06,42.79,5.63,43.33,24.03,162.59,6.869,1.25,DAP-18-46,209.4
6.0,1.0,17.99,65.32,4.5,22.89,9.61,93.26,0.773,3.144,DAP-18-46,155.8
1.0,3.0,11.41,69.69,6.05,47.56,17.78,209.37,1.989,2.982,UREA-46,230.4
12.0,5.0,26.36,35.39,5.83,26.71,13.21,279.89,2.776,0.34,DAP-18-46,164.2
6.0,6.0,15.77,65.52,6.82,105.54,1.0,197.24,1.82,2.708,DAP-18-46,157.1
7.0,4.0,17.09,74.59,5.08,19.81,29.75,80.7,2.441,0.748,UREA-46,127.3
7.0,7.0,18.59,50.82,5.49,33.34,2.43,162.38,0.561,2.61,HUMUS-ORG,4748.7
5.0,2.0,7.46,70.6,4.0,21.09,37.28,272.46,2.226,0.946,NPK-15-15-15,274.4
6.0,7.0,17.96,20.31,7.93,61.11,11.47,81.67,2.423,0.906,MAP-12-61,169.0
12.0,2.0,19.81,75.33,6.27,143.83,9.63,131.31,10.76,0.811,NPK-15-15-15,203.0
12.0,6.0,9.93,84.49,5.92,28.75,14.08,162.19,4.088,0.682,DAP-18-46,232.0
10.0,7.0,15.77,71.58,5.8,48.57,34.58,244.98,2.009,1.274,HUMUS-ORG,2606.2
3.0,1.0,19.45,41.2,6.88,35.33,41.42,156.55,2.36,1.361,NPK-15-15-15,308.1
3.0,5.0,20.37,59.18,6.6,12.2,17.26,225.06,4.189,1.479,UREA-46,102.7
9.0,5.0,9.54,64.29,6.52,16.12,41.76,227.82,4.594,1.035,UREA-46,159.5
12.0,1.0,5.0,82.93,5.14,29.97,75.08,221.68,1.291,1.177,HUMUS-ORG,4914.2
5.0,6.0,18.24,42.63,5.21,95.96,126.4,209.23,5.398,1.811,KNO3-13-46,54.4
2.0,1.0,12.75,36.62,4.62,74.75,8.16,253.02,7.279,0.352,UREA-46,249.2
3.0,2.0,14.05,71.25,4.88,74.32,27.74,134.42,0.516,1.86,HUMUS-ORG,3456.8
5.0,3.0,14.6,70.5,6.21,107.3,10.5,254.06,1.286,3.475,DAP-18-46,107.1
11.0,4.0,20.99,73.2,6.21,17.33,24.8,183.62,3.861,2.443,UREA-46,244.5
2.0,7.0,11.61,54.89,5.71,165.42,6.34,163.29,1.299,0.145,DAP-18-46,176.2
11.0,2.0,16.31,77.66,7.11,53.67,8.28,189.04,1.26,3.592,KCL-60,290.0
11.0,5.0,13.16,79.12,6.93,24.62,34.94,269.59,0.959,0.145,UREA-46,186.3
3.0,3.0,16.49,87.82,4.61,18.59,26.3,30.0,8.134,1.389,NPK-15-15-15,301.4
1.0,3.0,16.65,82.78,8.5,20.32,34.88,150.16,1.298,1.467,UREA-46,204.4
3.0,4.0,19.26,88.83,6.53,93.72,4.58,164.51,1.959,3.31,DAP-18-46,170.1
4.0,2.0,22.42,59.62,7.45,19.02,83.83,214.73,0.734,1.018,UREA-46,235.2
6.0,1.0,17.47,61.33,5.07,61.29,14.02,81.85,2.145,2.012,DAP-18-46,244.2
11.0,3.0,12.15,78.64,5.8,15.43,16.81,157.1,3.885,5.373,UREA-46,189.9
3.0,1.0,10.77,44.24,7.27,34.29,16.26,162.59,4.348,0.179,NPK-15-15-15,331.1
9.0,1.0,9.14,73.01,6.78,55.63,10.56,131.47,2.314,3.616,DAP-18-46,106.5
4.0,4.0,7.22,95.0,5.72,105.61,38.52,47.19,3.922,2.224,KCL-60,284.0
8.0,8.0,23.61,40.12,7.77,23.99,14.93,155.34,4.515,1.02,MAP-12-61,96.5
8.0,4.0,15.5,89.67,6.26,30.7,44.91,111.74,1.086,0.104,UREA-46,175.4
7.0,4.0,19.06,53.12,6.31,13.14,79.94,278.6,2.21,1.384,UREA-46,201.7
10.0,6.0,20.5,91.56,5.58,60.8,100.58,101.21,0.661,2.248,UREA-46,242.3
10.0,4.0,22.97,61.69,7.23,29.69,27.64,216.97,1.514,1.004,NPK-15-15-15,376.4
6.0,8.0,23.78,69.53,7.06,15.63,29.14,159.49,6.084,1.531,UREA-46,136.5
3.0,5.0,26.64,47.56,6.64,97.8,9.65,310.46,2.364,1.213,DAP-18-46,159.5
9.0,3.0,20.86,41.72,5.83,169.71,11.34,318.53,0.592,0.382,DAP-18-46,235.8
2.0,6.0,21.77,69.65,6.2,23.07,12.57,102.69,0.603,0.1,DAP-18-46,191.2
5.0,8.0,24.49,60.27,5.53,181.77,70.24,353.86,6.288,1.516,KNO3-13-46,103.7
9.0,1.0,20.77,59.19,8.33,17.36,8.69,53.56,4.266,0.498,NPK-15-15-15,195.5
6.0,2.0,12.44,70.07,7.71,12.7,47.17,86.13,1.18,2.726,UREA-46,228.8
3.0,2.0,11.73,47.06,6.66,27.84,25.71,132.59,1.723,2.691,SA-21,226.3
4.0,4.0,20.23,82.89,6.75,36.51,21.73,245.92,2.752,3.793,SA-21,275.6
8.0,2.0,7.52,81.05,5.42,20.8,38.38,218.17,1.941,0.23,NPK-15-15-15,364.0
11.0,3.0,24.77,94.28,4.6,29.6,48.42,249.38,3.964,0.233,UREA-46,114.9
4.0,5.0,20.94,81.38,4.74,26.61,32.16,247.03,1.403,0.474,HUMUS-ORG,2071.1
5.0,6.0,16.03,66.99,7.56,32.22,14.83,191.35,1.477,0.436,MAP-12-61,107.9
12.0,3.0,22.22,82.9,6.22,41.64,59.79,102.01,0.826,2.135,KNO3-13-46,109.6
5.0,7.0,21.8,43.78,5.6,80.93,17.15,184.14,10.441,0.496,DAP-18-46,166.2
7.0,7.0,19.14,83.59,5.4,126.01,21.16,74.67,1.289,1.381,KCL-60,286.0
10.0,1.0,25.71,62.19,4.81,171.57,15.19,137.38,7.365,1.076,DAP-18-46,100.4
3.0,7.0,16.79,48.13,5.93,39.69,28.62,200.01,1.422,2.586,DAP-18-46,184.9
12.0,3.0,12.35,40.01,5.01,114.2,28.39,146.33,0.593,0.859,HUMUS-ORG,2352.7
12.0,8.0,20.34,84.35,5.47,131.99,30.79,35.42,6.774,1.288,KCL-60,241.3
3.0,7.0,22.41,48.65,6.23,61.51,9.87,236.55,1.802,2.479,DAP-18-46,189.3
10.0,4.0,18.4,79.13,5.67,12.97,4.66,243.75,2.08,2.8,DAP-18-46,191.4
10.0,4.0,23.08,55.71,5.65,19.21,34.79,93.51,0.739,0.239,NPK-15-15-15,277.2
1.0,8.0,19.72,61.95,6.52,36.74,15.69,244.85,1.376,0.933,DAP-18-46,232.2
5.0,4.0,25.49,80.4,6.29,54.39,7.32,143.6,3.238,1.304,DAP-18-46,226.5
7.0,2.0,14.07,83.49,5.98,22.21,16.01,162.16,0.792,2.272,NPK-15-15-15,370.3
6.0,4.0,21.84,76.79,6.54,29.84,63.29,188.33,0.777,0.1,NPK-10-26-26,246.0
2.0,2.0,23.02,70.94,4.0,34.29,58.58,213.73,0.941,1.768,HUMUS-ORG,4925.3
3.0,4.0,25.39,66.85,6.59,102.95,21.93,148.95,1.377,0.657,DAP-18-46,206.5
12.0,2.0,16.52,49.57,8.16,55.67,60.76,33.53,1.639,0.1,KCL-60,215.9
10.0,3.0,23.51,85.5,7.74,127.64,9.96,133.44,3.718,0.654,MAP-12-61,178.9
7.0,6.0,11.98,58.17,4.73,108.03,21.66,48.68,0.868,1.237,KCL-60,111.2
3.0,4.0,29.88,69.02,6.15,30.51,17.87,311.0,2.292,2.156,DAP-18-46,123.6
9.0,1.0,17.82,51.03,5.5,72.01,9.12,293.43,3.385,3.741,DAP-18-46,161.3
4.0,6.0,15.32,80.34,7.61,6.52,10.34,263.75,1.632,1.042,UREA-46,235.8
2.0,8.0,12.32,60.43,5.16,24.76,63.67,248.59,1.733,0.1,UREA-46,239.6
7.0,3.0,21.4,82.4,6.49,21.3,17.21,196.41,5.559,0.147,DAP-18-46,150.1
6.0,1.0,26.74,56.63,7.28,35.06,20.21,233.83,4.355,0.924,DAP-18-46,102.9
2.0,1.0,16.56,61.44,5.96,38.53,99.35,381.61,3.297,0.115,UREA-46,222.3
1.0,4.0,22.62,56.52,5.85,10.29,16.35,30.0,2.461,0.482,UREA-46,178.5
5.0,4.0,23.55,55.74,4.41,130.45,47.27,115.43,3.222,5.931,DAP-18-46,194.0
7.0,1.0,11.88,70.06,6.64,18.35,11.31,43.95,1.383,1.171,NPK-15-15-15,388.4
8.0,8.0,16.94,29.86,6.11,48.29,150.0,65.84,0.512,1.391,KCL-60,189.4
6.0,2.0,10.22,68.17,6.48,30.16,75.6,30.0,1.362,0.581,KCL-60,103.0
5.0,6.0,23.71,88.4,7.88,13.29,54.5,187.52,1.0,0.652,UREA-46,149.7
1.0,7.0,19.74,85.55,5.53,34.27,36.06,126.45,7.198,2.585,UREA-46,195.7
10.0,3.0,12.62,69.88,5.54,49.13,75.73,126.16,3.419,0.214,UREA-46,175.3
12.0,3.0,20.55,59.21,4.81,65.89,42.58,227.76,3.396,1.384,KNO3-13-46,102.5
6.0,3.0,23.34,75.6,6.19,31.15,15.23,190.24,1.074,0.1,KNO3-13-46,87.3
8.0,6.0,20.35,75.53,6.38,53.27,15.45,134.07,2.065,3.759,DAP-18-46,218.4
11.0,1.0,18.6,57.29,5.05,50.54,48.94,84.91,2.408,1.588,UREA-46,130.4
5.0,1.0,25.26,91.86,5.36,64.73,11.15,237.88,7.083,0.613,UREA-46,214.1
12.0,4.0,26.17,85.15,6.14,92.36,13.85,265.6,1.131,0.499,DAP-18-46,164.1
8.0,2.0,19.29,71.66,4.93,52.03,17.66,61.86,5.626,0.107,KCL-60,173.7
5.0,4.0,19.35,61.79,7.24,52.82,9.38,199.99,1.2,2.524,DAP-18-46,115.9
11.0,5.0,25.72,65.26,6.34,53.9,51.75,333.84,0.797,1.855,DAP-18-46,248.9
7.0,5.0,17.98,58.37,7.59,65.55,22.3,242.07,1.473,3.825,DAP-18-46,233.1
7.0,1.0,23.1,39.4,7.83,66.25,4.64,116.7,0.921,0.117,MAP-12-61,144.1
3.0,5.0,22.3,75.28,7.29,26.97,127.47,132.6,1.352,5.553,UREA-46,248.2
12.0,2.0,20.14,95.0,6.07,28.06,55.62,181.12,1.527,1.888,NPK-15-15-15,270.7
7.0,6.0,21.13,65.09,5.23,110.34,11.29,159.21,6.256,0.506,DAP-18-46,138.8
5.0,1.0,15.78,70.67,6.38,13.92,54.51,224.15,2.197,1.795,UREA-46,105.1
2.0,4.0,17.71,55.9,6.47,23.43,24.53,149.34,2.14,2.334,NPK-15-15-15,168.4
5.0,3.0,21.87,66.34,6.57,25.32,51.43,63.15,3.389,0.199,UREA-46,241.6
6.0,4.0,19.25,95.0,6.69,76.04,13.02,224.74,3.427,0.554,NPK-10-26-26,226.6
5.0,7.0,18.22,40.04,6.78,17.45,36.41,183.13,15.0,3.055,UREA-46,214.0
5.0,8.0,18.2,57.41,6.47,27.85,28.09,184.89,2.508,2.808,UREA-46,148.0
8.0,1.0,7.32,60.72,7.43,36.36,26.25,93.19,2.864,0.214,DAP-18-46,138.0
8.0,5.0,17.66,63.31,5.75,33.85,64.09,259.37,6.969,0.6,UREA-46,110.9
8.0,1.0,17.4,84.53,7.31,24.64,13.2,174.83,0.525,2.288,DAP-18-46,108.6
12.0,2.0,26.46,83.73,6.09,41.84,7.87,111.01,2.343,0.265,NPK-15-15-15,283.8
9.0,8.0,14.29,68.72,7.4,21.54,25.23,141.38,2.305,2.395,UREA-46,224.9
10.0,3.0,24.66,54.02,6.82,124.4,11.3,115.97,3.525,0.291,DAP-18-46,245.8
12.0,4.0,19.36,45.37,7.65,34.47,43.42,195.79,3.398,1.714,UREA-46,133.6
4.0,3.0,28.68,75.01,5.65,51.0,10.4,162.33,5.527,1.323,DAP-18-46,241.7
2.0,2.0,17.83,64.42,6.28,30.31,14.91,160.07,0.665,0.513,UREA-46,146.0
11.0,8.0,20.0,64.24,6.54,25.32,97.89,297.06,6.871,0.265,UREA-46,120.9
11.0,7.0,18.99,56.99,5.77,29.46,25.11,140.92,5.683,0.154,DAP-18-46,178.7
8.0,8.0,21.69,61.79,5.04,12.32,92.33,67.17,2.009,0.437,UREA-46,221.6
5.0,1.0,22.93,94.85,6.01,51.93,14.15,177.04,4.136,3.214,UREA-46,223.0
2.0,8.0,8.38,68.8,6.57,71.99,45.88,171.08,7.017,0.597,DAP-18-46,133.7
1.0,4.0,23.17,31.98,6.56,29.5,124.36,124.47,4.418,0.235,NPK-15-15-15,383.3
11.0,2.0,26.7,88.66,5.16,65.81,27.87,125.3,3.533,1.193,KCL-60,118.1
5.0,5.0,17.81,53.28,6.94,7.18,9.13,219.62,4.246,2.268,DAP-18-46,154.2
3.0,7.0,11.42,42.99,6.67,20.28,10.48,30.0,1.825,1.051,DAP-18-46,222.2
8.0,1.0,17.41,66.33,5.94,16.45,79.49,284.12,5.698,6.815,UREA-46,191.6
3.0,5.0,13.21,78.64,6.66,23.67,5.45,68.86,8.897,1.796,DAP-18-46,179.6
5.0,7.0,18.75,73.18,5.67,102.54,1.72,193.79,1.331,0.55,DAP-18-46,132.9
3.0,5.0,10.8,41.54,7.02,56.08,6.82,137.65,5.952,0.586,DAP-18-46,137.2
5.0,1.0,25.68,95.0,5.94,21.66,11.76,365.36,1.476,3.278,UREA-46,200.5
4.0,6.0,15.45,53.05,7.15,22.12,73.05,137.26,1.268,0.254,UREA-46,230.4
6.0,7.0,20.54,90.82,6.58,26.77,26.31,154.63,0.725,0.84,DAP-18-46,116.4
1.0,3.0,23.21,65.87,6.24,23.93,19.95,189.09,2.566,4.857,UREA-46,233.9
5.0,3.0,20.57,37.53,6.76,65.51,15.71,145.02,3.884,0.239,DAP-18-46,133.4
1.0,5.0,11.34,71.32,5.55,24.46,27.71,167.01,5.802,0.991,DAP-18-46,153.9
3.0,7.0,19.95,34.42,5.65,23.33,21.7,147.61,2.326,1.029,DAP-18-46,145.1
2.0,8.0,23.39,59.76,5.73,82.74,37.93,275.0,3.932,1.911,DAP-18-46,198.9
2.0,6.0,8.49,73.96,7.44,28.27,6.2,135.59,8.871,1.204,DAP-18-46,176.0
11.0,4.0,15.7,34.28,6.71,122.0,30.02,120.97,4.278,1.941,DAP-18-46,242.8
1.0,4.0,23.68,61.86,6.15,20.92,12.02,248.46,0.799,1.023,NPK-15-15-15,266.7
4.0,1.0,14.83,86.35,5.57,28.12,8.02,221.57,0.766,5.348,DAP-18-46,122.1
8.0,8.0,18.6,58.25,4.91,52.36,29.95,200.15,2.284,1.011,DAP-18-46,193.2
5.0,5.0,18.43,24.84,6.36,45.6,15.06,207.24,5.369,2.416,DAP-18-46,233.2
6.0,8.0,29.75,73.82,4.41,47.82,7.3,142.65,0.828,0.583,HUMUS-ORG,4556.0
1.0,8.0,19.64,62.8,6.98,11.95,10.93,59.84,1.212,0.535,NPK-15-15-15,327.2
6.0,6.0,22.07,63.53,5.05,53.61,45.95,169.4,1.124,2.353,HUMUS-ORG,2555.7
3.0,4.0,13.11,69.18,6.36,57.27,13.72,265.44,1.867,1.146,DAP-18-46,205.5
11.0,7.0,10.45,36.89,6.9,65.3,18.28,30.0,5.6,0.1,KCL-60,242.1
1.0,5.0,18.21,52.04,6.61,50.75,17.32,218.49,2.734,0.829,DAP-18-46,187.6
3.0,6.0,19.82,66.64,6.59,12.62,12.71,199.77,0.933,4.924,UREA-46,147.9
5.0,2.0,20.13,45.86,5.07,46.34,23.92,276.87,5.888,1.652,NPK-15-15-15,201.4
3.0,1.0,16.56,68.14,5.54,48.57,13.61,277.51,3.576,0.368,NPK-15-15-15,328.0
12.0,4.0,12.68,51.08,5.93,38.18,52.09,63.91,2.133,0.511,KCL-60,202.1
1.0,7.0,12.94,70.51,5.5,200.0,45.74,30.86,1.25,2.186,KCL-60,176.1
2.0,1.0,13.06,59.89,5.7,89.21,40.56,59.94,2.003,1.936,KCL-60,180.3
9.0,6.0,16.43,33.52,6.72,116.37,4.25,320.75,3.35,1.396,DAP-18-46,247.7
9.0,5.0,13.94,78.14,6.56,67.85,12.95,190.9,1.274,1.901,DAP-18-46,185.5
6.0,8.0,12.84,94.1,6.15,100.83,52.58,175.02,3.029,2.028,DAP-18-46,144.1
1.0,8.0,18.12,67.39,7.33,10.59,10.39,187.28,1.431,1.177,UREA-46,235.0
1.0,1.0,18.45,61.8,4.0,59.89,14.21,45.91,1.11,1.507,KCL-60,105.6
5.0,1.0,9.96,66.75,6.18,109.85,150.0,286.99,2.436,1.842,KNO3-13-46,91.9
1.0,3.0,14.54,89.48,5.06,10.18,37.77,282.08,1.236,0.41,UREA-46,224.5
12.0,2.0,25.14,39.63,7.38,24.06,24.96,317.68,2.298,1.944,NPK-15-15-15,269.1
4.0,2.0,14.73,61.7,5.27,33.74,29.55,245.33,1.471,0.553,HUMUS-ORG,3088.2
7.0,6.0,13.18,94.78,5.97,19.37,43.51,154.67,4.228,2.891,UREA-46,163.1
7.0,4.0,18.28,52.41,4.81,68.7,62.88,125.16,2.307,0.178,DAP-18-46,197.7
12.0,2.0,22.77,65.53,6.44,38.53,4.07,170.07,2.773,1.772,NPK-15-15-15,267.1
5.0,3.0,12.99,63.87,7.14,144.47,16.48,275.4,6.893,1.48,DAP-18-46,121.8
8.0,4.0,25.83,83.16,5.98,132.45,10.25,247.71,0.689,0.1,DAP-18-46,115.3
9.0,5.0,9.22,69.39,6.05,63.13,28.1,117.27,1.548,2.389,DAP-18-46,187.9
5.0,7.0,14.72,95.0,6.47,66.26,20.66,147.32,2.044,0.117,DAP-18-46,207.9
11.0,3.0,7.15,62.49,6.75,11.72,31.96,232.82,2.182,0.14,UREA-46,212.0
12.0,5.0,13.95,86.55,6.28,52.45,35.68,195.41,2.852,3.575,DAP-18-46,187.3
1.0,2.0,19.54,75.51,6.08,17.12,34.26,161.49,6.724,1.725,NPK-12-24-12,148.5
7.0,5.0,22.94,70.46,5.63,128.46,7.63,76.1,2.726,1.389,KCL-60,158.4
12.0,3.0,16.82,78.65,7.78,50.65,11.68,99.32,1.171,0.919,MAP-12-61,148.6
10.0,5.0,14.55,88.03,7.5,49.21,23.23,200.51,2.589,2.413,DAP-18-46,247.1
9.0,3.0,14.97,66.44,7.13,63.86,17.88,303.69,2.164,2.433,DAP-18-46,144.4
9.0,3.0,26.58,67.49,7.72,184.47,77.0,326.8,0.94,0.727,KNO3-13-46,108.5
2.0,5.0,26.36,80.86,7.68,13.65,8.88,54.64,6.691,1.323,NPK-15-15-15,202.5
9.0,2.0,17.18,79.12,5.23,40.7,14.72,257.4,1.304,2.334,HUMUS-ORG,4563.6
11.0,8.0,15.03,49.58,5.91,12.05,53.58,40.14,1.978,2.829,UREA-46,150.7
4.0,7.0,21.26,95.0,5.17,45.24,19.75,251.0,2.293,0.809,DAP-18-46,218.4
1.0,6.0,21.95,57.45,7.62,56.11,35.89,198.57,3.699,0.129,DAP-18-46,156.3
11.0,3.0,30.86,70.6,5.81,111.01,20.01,175.68,4.684,2.723,DAP-18-46,102.3
9.0,1.0,22.23,78.17,6.12,140.39,25.73,153.05,0.728,0.809,DAP-18-46,156.4
3.0,2.0,11.98,53.02,6.61,105.37,20.29,140.65,4.932,5.336,SA-21,219.8
9.0,2.0,26.22,74.09,8.13,56.74,90.37,121.69,2.624,1.0,NPK-12-24-12,239.6
2.0,7.0,9.29,47.35,5.97,98.72,30.16,187.71,0.51,0.33,DAP-18-46,174.4
10.0,4.0,10.46,63.99,6.01,74.67,63.41,145.6,3.601,3.52,NPK-15-15-15,212.8
10.0,8.0,11.57,79.72,5.69,18.95,9.15,206.26,1.725,1.471,DAP-18-46,143.6
9.0,3.0,20.79,82.79,6.06,19.88,20.14,387.23,1.444,0.222,UREA-46,211.4
6.0,4.0,23.31,81.88,4.9,74.94,56.02,30.0,0.812,0.809,KCL-60,172.2
7.0,6.0,14.15,74.02,5.79,71.16,13.52,293.78,4.144,1.21,DAP-18-46,150.4
5.0,6.0,17.19,95.0,7.37,35.47,16.25,193.24,2.33,0.1,SA-21,207.7
1.0,6.0,20.57,65.56,7.4,21.66,40.75,244.69,1.493,3.849,UREA-46,232.5
10.0,5.0,25.21,54.9,5.19,34.79,150.0,246.46,2.004,0.561,UREA-46,228.4
5.0,3.0,17.68,89.58,6.7,31.77,6.33,164.37,3.408,2.005,DAP-18-46,148.8
3.0,7.0,11.56,73.78,6.13,27.27,17.22,119.21,1.182,2.439,DAP-18-46,159.1
1.0,7.0,29.82,46.31,6.24,172.95,10.23,314.72,3.142,0.344,DAP-18-46,170.6
1.0,4.0,23.19,90.06,7.45,78.07,2.96,34.93,6.552,1.044,KCL-60,153.9
8.0,4.0,29.31,52.31,6.1,49.27,8.08,269.95,4.055,0.1,DAP-18-46,237.7
3.0,6.0,19.61,60.16,5.97,50.83,4.11,30.0,2.79,1.118,KCL-60,192.3
11.0,1.0,22.69,85.59,8.3,10.18,57.16,184.27,6.811,1.008,UREA-46,230.3
12.0,3.0,21.13,58.67,6.11,37.86,11.48,94.67,1.195,4.19,KNO3-13-46,51.1
1.0,7.0,17.75,38.57,5.91,22.96,6.54,177.89,1.069,0.506,DAP-18-46,222.2
11.0,3.0,12.0,60.47,6.86,50.96,93.23,181.07,2.646,0.888,UREA-46,199.9
3.0,1.0,14.55,59.26,4.92,30.78,128.16,233.68,3.332,2.578,NPK-15-15-15,386.0
3.0,2.0,26.91,95.0,6.83,45.12,22.27,112.15,6.362,0.402,SA-21,185.1
5.0,5.0,14.31,35.25,7.14,67.32,27.89,170.96,3.148,5.284,DAP-18-46,187.0
7.0,7.0,10.45,84.07,6.29,17.35,85.41,275.71,3.268,2.508,UREA-46,186.7
5.0,6.0,25.71,56.72,6.27,50.83,78.46,232.42,6.374,1.686,SA-21,208.0
12.0,2.0,21.99,71.15,6.88,25.07,6.26,220.17,1.229,2.291,DAP-18-46,211.3
5.0,3.0,12.11,59.86,5.29,45.94,19.07,115.44,1.155,1.326,HUMUS-ORG,2583.8
3.0,1.0,25.31,74.2,5.87,12.31,29.02,204.48,1.852,1.14,UREA-46,248.7
7.0,4.0,17.98,65.41,5.91,72.31,77.48,135.28,3.159,0.493,UREA-46,219.6
12.0,8.0,25.79,23.19,6.27,46.94,15.22,175.62,3.745,0.1,DAP-18-46,117.5
6.0,5.0,17.71,86.57,4.85,77.12,25.27,298.14,1.907,0.349,DAP-18-46,242.2
3.0,7.0,29.12,20.0,7.48,16.22,48.17,236.56,1.492,0.79,UREA-46,134.7
5.0,2.0,19.63,91.6,5.95,60.39,31.85,124.88,2.04,0.595,NPK-15-15-15,396.0
1.0,7.0,18.11,38.89,7.06,13.72,24.02,152.99,0.915,1.647,UREA-46,139.9
3.0,8.0,31.46,66.32,7.29,7.04,53.14,224.12,1.774,2.055,UREA-46,120.1
10.0,5.0,22.61,46.03,6.38,29.27,18.35,304.88,2.275,6.098,DAP-18-46,241.0
1.0,2.0,15.97,74.5,5.11,177.87,5.6,138.07,1.132,0.426,HUMUS-ORG,3919.0
3.0,2.0,25.61,70.19,5.68,110.67,41.68,318.06,0.618,1.301,KNO3-13-46,126.6
5.0,5.0,10.88,89.43,4.48,30.61,51.18,278.57,1.926,1.765,UREA-46,221.7
2.0,5.0,21.62,65.98,5.85,44.06,13.05,112.92,0.881,0.714,SA-21,284.6
5.0,6.0,28.78,92.87,6.95,27.3,11.2,294.32,3.561,1.266,SA-21,157.7
8.0,7.0,18.39,38.03,5.59,50.67,6.74,324.65,3.727,2.338,DAP-18-46,113.4
10.0,5.0,9.94,66.27,4.58,8.32,17.03,126.63,6.061,5.188,UREA-46,242.3
4.0,5.0,31.37,67.14,6.76,25.95,28.75,122.26,3.366,1.692,UREA-46,176.0
2.0,3.0,8.26,26.21,6.88,26.9,53.48,254.36,1.981,2.147,NIT-27,165.0
5.0,2.0,16.28,56.27,5.84,18.55,30.69,199.98,7.031,2.3,NPK-15-15-15,332.0
12.0,4.0,23.39,56.82,6.1,14.84,44.56,292.13,3.39,3.692,UREA-46,181.2
8.0,8.0,11.89,45.3,5.98,24.17,1.0,30.0,3.149,0.955,DAP-18-46,121.5
1.0,3.0,22.93,94.91,5.63,125.89,27.88,230.29,3.862,2.278,UREA-46,159.6
6.0,5.0,21.36,46.03,6.49,83.11,61.64,143.21,1.042,0.8,DAP-18-46,183.7
5.0,4.0,8.33,87.08,6.79,26.66,6.51,349.37,0.963,0.593,DAP-18-46,145.5
10.0,3.0,27.34,69.98,7.31,16.89,24.08,259.28,3.475,1.958,UREA-46,197.7
7.0,1.0,24.52,82.0,6.34,100.85,150.0,285.76,0.706,1.946,KNO3-13-46,120.9
8.0,6.0,20.08,49.77,7.11,17.03,31.26,203.37,3.192,3.898,UREA-46,245.4
12.0,1.0,14.84,85.04,6.32,14.04,21.45,128.58,1.82,1.731,UREA-46,190.4
4.0,5.0,17.32,77.27,6.91,104.34,3.57,86.3,1.925,0.278,DAP-18-46,174.4
10.0,5.0,30.61,64.4,6.34,98.26,7.65,198.18,1.811,0.587,DAP-18-46,187.8
8.0,8.0,9.82,90.41,6.52,24.5,14.2,265.13,2.419,1.57,DAP-18-46,152.2
12.0,3.0,21.45,57.88,5.93,77.77,40.33,158.88,1.078,2.211,KNO3-13-46,146.5
5.0,6.0,22.32,45.35,6.35,18.6,67.76,54.28,5.092,0.865,SA-21,197.7
7.0,4.0,16.6,86.39,5.92,128.72,12.11,93.54,0.704,0.635,DAP-18-46,241.1
3.0,5.0,21.92,73.67,5.39,105.02,40.41,155.41,2.928,0.816,DAP-18-46,175.6
3.0,4.0,23.86,61.33,5.47,66.31,21.15,102.98,2.537,1.381,DAP-18-46,245.2
3.0,1.0,9.78,59.52,7.36,19.52,11.43,76.19,4.104,1.876,NPK-15-15-15,315.6
9.0,5.0,15.68,55.99,5.57,28.87,9.31,234.67,2.635,0.141,DAP-18-46,233.5
11.0,5.0,21.88,48.08,6.33,31.69,13.73,204.87,7.143,2.043,DAP-18-46,136.2
8.0,2.0,13.16,72.62,6.86,42.21,11.27,95.34,2.483,0.611,NPK-15-15-15,307.6
2.0,5.0,18.9,44.36,6.58,25.55,17.75,307.53,3.733,1.055,SA-21,268.6
12.0,1.0,27.45,91.3,7.26,4.19,19.62,155.42,2.301,1.97,UREA-46,102.9
9.0,7.0,13.57,49.38,6.27,33.09,16.67,153.72,5.726,1.167,HUMUS-ORG,2732.7
8.0,3.0,28.39,60.88,5.62,56.55,27.56,232.65,4.47,0.978,KCL-60,207.3
5.0,8.0,12.08,49.85,7.72,12.24,67.11,70.99,0.624,1.588,UREA-46,206.3
12.0,3.0,10.71,50.28,7.05,125.83,9.63,194.08,2.137,0.191,KNO3-13-46,115.3
9.0,1.0,20.03,63.76,7.4,36.45,29.19,131.43,5.267,1.062,DAP-18-46,172.1
5.0,4.0,24.05,53.89,7.02,123.82,33.3,228.2,1.292,2.025,DAP-18-46,216.8
5.0,7.0,24.74,44.16,7.17,30.47,24.25,156.76,0.99,0.121,DAP-18-46,192.7
1.0,1.0,28.08,59.59,5.76,16.89,15.78,83.16,3.76,1.416,NPK-15-15-15,170.3
10.0,1.0,22.47,64.29,7.11,57.77,11.2,254.15,3.34,0.236,DAP-18-46,138.7
8.0,8.0,17.98,28.71,7.52,30.12,2.23,327.94,1.545,0.148,MAP-12-61,102.0
5.0,8.0,17.35,77.65,6.34,14.47,25.81,139.52,1.466,0.919,UREA-46,208.2
9.0,8.0,23.12,59.21,6.63,31.31,11.47,141.39,0.904,0.994,DAP-18-46,119.9
10.0,2.0,24.07,63.19,6.67,55.56,28.01,221.77,6.303,0.422,DAP-18-46,184.1
1.0,8.0,19.9,46.65,6.76,147.54,76.33,139.19,2.557,1.326,DAP-18-46,199.3
9.0,3.0,12.55,69.25,7.85,31.54,8.37,51.21,1.139,1.746,KCL-60,258.9
2.0,2.0,31.03,58.63,6.28,13.27,12.1,284.45,2.527,0.52,UREA-46,193.1
7.0,2.0,20.64,50.18,5.98,76.64,28.53,327.1,1.762,1.758,NPK-15-15-15,335.0
2.0,4.0,16.54,90.26,6.24,25.12,29.16,42.34,3.747,2.237,NPK-15-15-15,312.2
1.0,8.0,13.86,62.02,6.62,50.82,8.57,171.15,1.003,1.004,DAP-18-46,151.7
6.0,1.0,8.91,71.92,5.97,200.0,7.7,218.47,2.442,0.126,DAP-18-46,215.0
10.0,3.0,22.84,66.62,6.19,22.45,44.42,105.04,5.039,2.301,UREA-46,141.1
1.0,3.0,16.41,20.0,6.04,32.36,24.18,286.59,1.156,1.632,UREA-46,219.6
11.0,5.0,12.24,72.12,6.81,105.6,28.76,215.85,8.458,1.01,DAP-18-46,184.2
10.0,7.0,17.2,51.77,6.74,102.02,3.39,185.4,1.06,3.457,HUMUS-ORG,3490.4
7.0,3.0,17.22,52.75,5.46,27.73,7.26,185.1,4.887,5.511,DAP-18-46,226.8
11.0,7.0,21.75,95.0,7.31,16.23,10.09,95.7,4.758,0.422,NPK-15-15-15,342.7
10.0,7.0,14.46,54.5,6.32,27.86,58.02,49.93,3.047,3.149,HUMUS-ORG,3573.9
1.0,5.0,15.59,78.97,6.11,67.48,10.97,305.76,7.097,0.506,DAP-18-46,141.8
3.0,5.0,25.91,50.64,7.35,82.09,69.95,176.73,1.107,1.88,DAP-18-46,180.1
10.0,5.0,26.97,62.8,6.33,71.18,8.47,324.87,1.643,0.1,DAP-18-46,155.4
1.0,7.0,14.67,56.18,8.5,22.27,26.94,254.89,5.369,3.932,UREA-46,113.9
5.0,4.0,33.1,52.68,4.57,47.1,2.74,119.04,14.401,0.1,DAP-18-46,195.9
6.0,7.0,11.23,90.49,7.9,138.56,109.76,166.39,1.399,0.697,DAP-18-46,124.7
3.0,4.0,18.88,95.0,5.74,21.65,113.28,263.36,6.631,0.629,UREA-46,200.2
2.0,5.0,27.52,47.57,5.26,39.6,104.03,173.92,6.644,0.439,SA-21,230.4
8.0,1.0,12.48,65.74,8.03,8.31,23.29,30.0,3.488,0.623,UREA-46,109.7
12.0,6.0,7.06,72.38,4.84,17.89,53.32,304.07,1.732,1.754,UREA-46,139.9
9.0,7.0,14.43,55.28,6.17,35.33,35.19,132.96,1.155,3.327,HUMUS-ORG,2614.2
10.0,5.0,22.35,63.41,5.11,40.12,23.67,322.27,0.625,1.478,HUMUS-ORG,4799.1
3.0,3.0,16.31,66.02,7.18,80.64,26.06,204.19,3.049,4.601,NPK-15-15-15,190.5
7.0,5.0,23.88,55.03,6.61,60.83,23.35,106.33,0.778,3.324,DAP-18-46,165.3
9.0,1.0,13.96,71.63,6.95,75.18,22.63,125.37,1.163,1.087,DAP-18-46,209.3
4.0,8.0,24.46,95.0,7.34,19.25,42.21,254.72,2.263,0.755,UREA-46,159.2
4.0,4.0,24.96,38.12,8.5,18.72,63.35,172.63,3.609,1.633,SA-21,342.6
9.0,3.0,17.25,63.81,6.85,161.11,32.72,161.38,1.045,0.575,DAP-18-46,176.3
12.0,3.0,21.03,59.33,6.84,20.98,3.41,40.1,6.151,0.588,DAP-18-46,156.9
9.0,2.0,12.4,59.41,6.32,32.95,24.37,220.21,1.673,3.729,NPK-12-24-12,164.9
6.0,1.0,24.91,70.28,5.52,16.15,14.0,164.73,0.655,0.404,DAP-18-46,139.9
10.0,6.0,13.41,51.03,6.93,31.7,53.85,134.09,1.5,1.41,UREA-46,155.1
6.0,8.0,27.93,32.49,5.76,43.69,52.33,126.45,5.168,2.58,UREA-46,197.6
3.0,5.0,22.14,80.29,5.11,23.97,10.28,30.0,8.488,4.808,DAP-18-46,215.4
11.0,8.0,12.5,37.19,6.92,17.94,34.03,199.88,1.429,0.375,UREA-46,158.5
12.0,7.0,27.85,65.79,5.04,51.14,50.1,125.38,5.88,2.184,DAP-18-46,105.1
6.0,2.0,12.13,70.98,5.27,17.68,59.75,225.43,1.175,0.46,HUMUS-ORG,2676.0
11.0,3.0,11.51,34.05,6.76,14.61,22.03,237.58,0.678,0.764,UREA-46,128.0
1.0,2.0,30.21,69.78,6.33,17.54,34.52,221.93,1.655,1.256,NPK-12-24-12,258.7
7.0,1.0,24.76,71.37,5.52,47.19,2.2,111.92,0.543,0.327,DAP-18-46,159.4
7.0,2.0,11.47,95.0,6.98,19.16,16.31,322.01,2.532,2.762,NPK-15-15-15,201.7
11.0,6.0,16.23,74.93,6.45,118.97,30.11,170.37,1.479,5.782,DAP-18-46,112.8
11.0,1.0,10.68,50.47,6.36,35.76,14.46,253.22,0.553,0.756,UREA-46,233.5
2.0,2.0,10.46,51.01,5.86,76.77,7.1,178.01,4.301,0.1,UREA-46,146.2
8.0,5.0,8.39,53.03,6.98,152.69,16.64,305.17,4.326,1.793,DAP-18-46,236.1
1.0,3.0,17.24,91.52,6.26,28.12,30.15,94.51,2.025,1.452,UREA-46,135.9
5.0,3.0,20.19,59.93,4.81,11.35,27.69,203.26,3.18,0.483,UREA-46,223.0
6.0,4.0,18.08,66.18,7.35,48.5,6.46,116.1,2.876,0.634,NPK-10-26-26,146.4
5.0,5.0,17.51,85.54,6.73,97.25,10.34,277.25,1.161,5.469,DAP-18-46,185.6
10.0,7.0,15.56,80.77,4.02,65.72,23.81,272.96,1.135,2.423,HUMUS-ORG,2267.7
3.0,4.0,15.81,40.72,7.26,53.34,10.64,155.79,3.278,0.757,DAP-18-46,119.9
3.0,1.0,24.86,50.21,5.3,23.14,52.46,161.29,3.436,1.411,NPK-15-15-15,400.0
2.0,5.0,28.94,51.78,6.25,29.46,13.29,142.51,1.697,0.507,SA-21,311.2
1.0,4.0,23.94,69.48,4.79,34.02,35.87,180.66,0.704,1.917,HUMUS-ORG,3199.9
5.0,4.0,23.96,95.0,6.54,7.49,33.58,196.58,0.809,0.91,UREA-46,164.3
7.0,6.0,21.91,86.29,5.92,108.53,31.32,195.56,2.552,1.366,DAP-18-46,151.9
7.0,3.0,21.7,31.28,5.49,31.63,10.22,229.34,2.775,0.459,DAP-18-46,138.7
3.0,8.0,16.82,78.55,5.76,14.54,43.88,430.77,1.294,0.113,UREA-46,172.4
6.0,7.0,19.51,33.38,6.09,11.86,4.79,200.52,7.125,0.951,DAP-18-46,227.8
5.0,3.0,23.72,61.81,6.47,76.86,25.54,240.44,0.924,0.393,DAP-18-46,174.0
2.0,4.0,23.2,29.85,5.65,99.37,81.86,165.29,1.025,1.94,NPK-15-15-15,260.3
9.0,1.0,13.11,51.5,6.13,32.45,87.4,208.27,4.505,0.295,UREA-46,111.7
11.0,1.0,19.96,70.13,5.88,59.77,43.2,145.37,3.113,1.816,UREA-46,175.5
8.0,3.0,20.51,82.89,6.31,64.52,34.51,183.64,1.6,0.158,KCL-60,160.1
10.0,3.0,9.93,61.2,5.02,77.1,16.47,148.83,2.548,3.275,DAP-18-46,161.9
4.0,7.0,13.66,65.18,5.81,75.22,36.23,112.02,7.718,0.135,DAP-18-46,182.1
7.0,5.0,12.35,81.04,6.07,26.84,11.9,134.87,7.08,0.288,DAP-18-46,232.4
4.0,2.0,20.84,84.84,5.61,131.22,2.16,236.2,1.905,1.413,UREA-46,236.3
2.0,6.0,19.26,90.9,7.18,17.05,19.82,232.37,4.594,1.0,UREA-46,225.2
9.0,8.0,28.75,90.3,6.07,28.16,9.23,239.21,1.846,2.396,DAP-18-46,124.3
4.0,6.0,6.36,66.0,6.55,44.47,35.28,205.21,0.503,1.133,DAP-18-46,132.2
1.0,1.0,21.93,57.64,5.43,40.49,54.26,242.36,4.923,1.812,NPK-15-15-15,397.5
6.0,5.0,27.84,68.92,7.94,21.42,7.41,44.7,7.914,1.805,DAP-18-46,141.5
1.0,8.0,21.88,79.02,4.7,115.65,51.78,147.53,1.296,0.373,HUMUS-ORG,3623.8
9.0,3.0,22.1,76.38,4.48,63.86,39.14,262.4,1.046,1.778,HUMUS-ORG,2805.6
6.0,5.0,20.95,32.6,5.88,86.47,36.46,225.15,0.777,0.844,DAP-18-46,217.9
10.0,7.0,24.79,47.14,5.82,6.2,37.52,259.78,0.566,0.368,UREA-46,165.8
1.0,8.0,23.15,64.86,5.87,27.2,25.58,209.38,4.557,1.413,DAP-18-46,247.1
8.0,6.0,12.72,76.24,6.14,52.95,6.0,151.5,13.441,0.642,DAP-18-46,214.1
8.0,6.0,10.01,61.54,5.51,105.62,21.83,203.34,0.864,2.658,DAP-18-46,140.7
6.0,3.0,22.4,69.8,7.28,55.81,9.45,164.65,3.846,0.796,KNO3-13-46,123.5
1.0,1.0,19.02,79.53,7.13,10.64,63.73,192.34,1.221,1.781,UREA-46,221.4
8.0,1.0,13.9,49.13,4.71,73.53,16.27,267.86,0.602,0.1,HUMUS-ORG,3940.2
6.0,1.0,26.67,68.84,6.48,41.29,22.97,199.58,3.052,0.119,DAP-18-46,195.3
9.0,3.0,14.44,61.35,5.24,27.84,41.78,162.64,0.884,2.517,HUMUS-ORG,3812.9
3.0,4.0,9.61,86.12,5.45,54.34,7.07,190.98,1.17,2.259,HUMUS-ORG,2880.3
11.0,8.0,12.52,75.42,7.14,30.7,32.47,247.06,6.772,1.243,UREA-46,153.3
2.0,7.0,24.72,56.39,6.46,20.63,49.72,100.32,7.307,0.1,UREA-46,101.7
12.0,2.0,9.93,82.13,5.67,18.51,18.58,281.19,2.707,3.104,NPK-15-15-15,227.2
2.0,8.0,16.05,72.12,6.08,29.05,21.99,199.46,1.502,2.846,DAP-18-46,114.0
2.0,3.0,17.11,54.05,5.97,60.92,14.22,133.32,5.002,0.79,NIT-27,154.1
8.0,5.0,14.4,75.23,6.21,73.54,22.64,97.05,2.194,1.094,DAP-18-46,231.8
6.0,7.0,6.14,27.65,8.5,140.76,31.96,38.35,2.967,1.532,KCL-60,217.1
11.0,6.0,13.02,31.56,6.79,15.47,2.34,173.75,7.427,0.1,DAP-18-46,161.9
11.0,5.0,13.28,60.98,6.18,8.54,22.69,55.12,1.62,2.787,UREA-46,207.5
7.0,3.0,12.8,70.02,5.54,14.82,25.16,199.86,12.057,0.822,UREA-46,114.6
6.0,2.0,19.97,66.03,6.75,33.98,25.09,180.01,1.646,2.991,NPK-10-26-26,104.4
8.0,7.0,32.8,69.56,5.72,28.25,36.26,248.48,1.545,11.26,UREA-46,227.3
9.0,7.0,14.38,47.17,7.25,69.48,54.55,55.48,1.333,0.173,KCL-60,236.8
2.0,1.0,25.12,89.21,5.89,72.66,150.0,229.7,3.213,0.822,KNO3-13-46,123.1
2.0,8.0,25.22,74.61,5.28,42.06,12.19,176.76,1.706,2.482,DAP-18-46,181.4
8.0,3.0,6.96,60.21,4.0,114.59,8.62,215.78,8.5,0.293,KCL-60,206.3
10.0,4.0,11.55,64.96,8.5,161.75,28.67,115.86,0.843,2.119,NPK-15-15-15,322.7
4.0,1.0,6.8,58.82,6.3,64.92,14.66,157.02,1.06,3.058,UREA-46,126.9
1.0,4.0,31.14,79.28,5.86,46.92,86.06,113.78,3.6,2.212,NPK-15-15-15,253.7
2.0,3.0,22.08,85.02,6.66,15.42,55.97,298.25,3.07,0.165,NIT-27,84.8
4.0,6.0,14.33,87.81,5.75,16.29,43.41,159.07,1.846,3.307,UREA-46,247.5
6.0,2.0,23.43,80.7,5.81,38.73,14.4,195.22,2.698,0.49,NPK-10-26-26,170.0
11.0,3.0,8.78,77.04,4.0,24.12,2.14,212.31,3.203,0.577,DAP-18-46,164.7
8.0,5.0,18.02,69.4,6.23,89.58,39.73,214.11,3.18,2.181,DAP-18-46,185.9
10.0,7.0,16.6,40.83,4.62,52.16,18.96,133.32,2.507,4.592,HUMUS-ORG,3077.9
12.0,4.0,6.32,76.11,6.84,11.62,19.31,201.68,2.333,1.292,UREA-46,211.4
7.0,8.0,21.49,33.92,5.92,27.87,104.91,105.19,0.515,1.871,UREA-46,129.6
7.0,2.0,24.96,52.45,5.98,8.56,96.14,233.21,3.134,0.234,UREA-46,189.2
8.0,3.0,28.18,95.0,6.79,17.71,9.16,209.28,14.406,0.44,DAP-18-46,173.2
11.0,2.0,12.71,70.06,6.15,58.2,57.06,314.08,10.894,0.914,KCL-60,122.5
10.0,7.0,18.25,57.73,6.23,32.91,16.57,207.86,1.275,0.725,HUMUS-ORG,2804.7
10.0,8.0,14.3,95.0,6.8,49.71,41.2,196.0,10.211,0.303,DAP-18-46,236.7
7.0,4.0,12.19,28.28,5.81,15.85,38.03,139.14,4.46,0.869,UREA-46,212.2
4.0,1.0,18.84,78.05,6.17,19.35,8.86,169.17,0.526,2.935,DAP-18-46,184.0
10.0,7.0,12.22,22.34,6.04,84.63,36.55,397.59,1.249,0.956,HUMUS-ORG,3793.6
5.0,5.0,20.45,57.16,6.24,36.61,18.88,194.14,1.915,0.494,DAP-18-46,112.9
8.0,8.0,10.41,72.69,6.39,97.52,44.39,248.31,1.819,1.962,KNO3-13-46,76.1
9.0,2.0,30.36,68.38,7.04,41.12,59.32,91.24,1.965,0.515,NPK-12-24-12,183.7
12.0,5.0,24.66,52.98,5.33,65.18,6.67,235.94,0.631,0.187,HUMUS-ORG,4857.7
6.0,6.0,18.88,34.67,5.17,67.46,12.65,101.24,0.91,4.232,HUMUS-ORG,2001.3
9.0,3.0,22.5,56.4,6.34,38.09,21.37,140.47,1.057,1.916,DAP-18-46,166.9
5.0,8.0,12.89,69.31,5.57,22.81,16.14,197.36,0.529,1.14,DAP-18-46,133.5
7.0,7.0,25.75,39.87,7.11,47.24,40.11,271.62,2.918,1.156,DAP-18-46,184.4
8.0,7.0,10.96,54.54,4.91,36.52,66.52,207.01,0.954,3.467,HUMUS-ORG,3805.4
12.0,4.0,20.83,67.51,6.34,104.98,3.94,360.68,1.565,1.481,DAP-18-46,107.9
7.0,6.0,5.0,66.37,7.0,116.63,59.79,184.77,6.841,0.79,DAP-18-46,142.5
4.0,4.0,22.02,64.43,7.92,18.26,10.76,176.04,1.619,3.149,MAP-12-61,92.0
4.0,4.0,24.24,70.23,7.98,96.29,81.62,185.47,3.729,0.461,SA-21,335.7
8.0,7.0,28.38,50.16,5.37,59.59,45.76,240.52,8.345,0.1,DAP-18-46,149.9
12.0,3.0,17.31,55.04,7.0,194.42,51.56,160.23,5.139,0.939,KNO3-13-46,128.5
4.0,7.0,21.24,22.65,7.26,32.21,24.19,132.9,3.323,0.803,DAP-18-46,103.6
12.0,1.0,21.31,75.25,4.0,41.42,10.33,181.23,2.114,0.614,DAP-18-46,201.2
5.0,5.0,22.31,40.96,7.33,29.14,24.68,132.63,2.753,5.563,DAP-18-46,171.6
6.0,4.0,17.91,93.42,5.61,19.29,18.85,235.34,3.021,1.468,NPK-10-26-26,119.9
2.0,6.0,12.93,61.64,5.62,34.37,13.7,123.91,8.718,0.586,DAP-18-46,203.2
7.0,1.0,19.27,74.44,6.81,36.0,17.66,232.18,0.584,1.257,DAP-18-46,125.6
1.0,5.0,14.56,31.94,7.44,28.9,91.6,116.62,1.244,1.066,DAP-18-46,182.9
11.0,8.0,7.29,60.89,7.11,26.88,19.64,287.38,1.076,0.446,DAP-18-46,222.5
4.0,2.0,25.37,42.69,4.85,113.7,9.13,219.2,2.891,3.068,UREA-46,168.7
8.0,4.0,16.42,69.17,6.62,45.5,9.03,133.52,0.773,1.08,DAP-18-46,110.5
3.0,7.0,11.19,20.0,7.77,14.71,6.75,126.62,0.607,2.056,DAP-18-46,133.5
1.0,4.0,5.0,51.89,6.84,52.1,77.3,153.72,1.695,2.733,NPK-15-15-15,214.9
3.0,6.0,13.65,74.17,7.36,114.95,4.43,182.67,1.692,0.289,DAP-18-46,197.4
5.0,7.0,22.98,47.28,4.63,37.5,19.18,117.15,4.493,2.417,DAP-18-46,157.3
3.0,1.0,15.58,89.52,5.65,180.71,46.43,240.37,1.015,0.1,KNO3-13-46,136.5
11.0,6.0,20.57,35.5,7.85,31.66,33.84,211.94,1.499,0.861,UREA-46,244.3
5.0,5.0,27.23,43.56,6.72,99.43,21.47,193.4,3.475,1.842,DAP-18-46,153.9
9.0,7.0,17.14,79.65,5.97,31.8,51.91,51.57,1.089,0.808,KCL-60,285.5
8.0,5.0,10.67,82.39,7.23,53.48,37.37,229.57,0.567,1.339,DAP-18-46,206.0
6.0,5.0,23.28,61.25,6.09,29.37,107.81,407.35,2.235,1.787,UREA-46,243.2
11.0,3.0,15.42,56.97,6.24,114.01,26.67,30.0,2.975,0.176,KCL-60,221.5
3.0,1.0,22.46,77.25,6.28,82.07,18.57,153.88,0.734,2.944,NPK-15-15-15,227.8
8.0,6.0,29.3,53.39,5.55,46.51,14.05,218.58,0.829,0.863,DAP-18-46,166.7
5.0,4.0,12.71,32.75,4.92,17.99,12.41,138.9,4.516,0.1,DAP-18-46,212.1
11.0,4.0,15.77,67.62,6.25,16.51,13.1,197.57,1.976,0.997,DAP-18-46,135.7
6.0,4.0,12.46,41.2,7.24,31.8,57.17,60.44,3.786,2.041,KCL-60,272.2
4.0,4.0,20.96,45.05,5.9,44.72,13.43,117.63,0.515,0.302,SA-21,244.8
12.0,1.0,16.51,82.64,5.35,20.6,26.65,74.27,1.884,1.67,UREA-46,190.7
9.0,3.0,21.15,74.9,6.29,147.3,90.97,288.93,4.748,0.14,KNO3-13-46,79.1
4.0,2.0,18.93,53.21,6.12,54.69,28.97,158.4,1.808,3.639,UREA-46,217.2
3.0,8.0,24.12,66.58,5.15,81.86,17.78,304.29,1.253,1.948,HUMUS-ORG,4320.9
2.0,3.0,17.54,73.66,4.8,70.28,8.47,237.07,0.758,0.977,HUMUS-ORG,4439.7
4.0,8.0,16.96,91.05,6.81,23.41,16.61,57.65,2.455,6.033,DAP-18-46,221.9
4.0,1.0,6.34,67.31,6.07,28.56,15.16,30.0,1.538,2.078,UREA-46,201.3
7.0,3.0,36.69,78.0,5.63,4.12,35.45,30.0,1.236,1.455,UREA-46,167.1
8.0,2.0,18.78,70.03,6.23,26.53,43.06,244.26,4.803,0.297,NPK-15-15-15,340.7
4.0,4.0,22.74,56.84,6.34,16.47,17.42,149.18,0.737,1.139,SA-21,345.2
7.0,6.0,18.09,23.79,6.2,143.58,7.87,293.81,3.391,1.268,DAP-18-46,106.6
10.0,3.0,17.82,65.83,6.93,72.85,21.18,232.78,3.915,0.484,DAP-18-46,228.8
3.0,2.0,18.11,67.25,5.82,13.99,8.27,295.38,2.994,0.604,DAP-18-46,183.1
4.0,3.0,24.3,41.18,6.52,81.25,11.72,51.99,2.549,0.152,KCL-60,259.8
12.0,1.0,22.27,66.67,6.65,9.72,55.41,297.17,1.028,2.544,UREA-46,190.5
12.0,7.0,16.3,84.9,7.07,24.73,25.05,221.94,4.82,2.14,UREA-46,104.2
6.0,2.0,34.58,63.19,7.49,50.56,26.52,30.0,8.461,0.112,KCL-60,167.4
1.0,7.0,23.07,56.6,8.35,21.45,32.14,76.25,3.032,0.411,UREA-46,133.7
8.0,1.0,13.82,77.67,6.81,60.45,24.34,86.07,11.414,0.1,DAP-18-46,176.5
10.0,3.0,17.01,65.18,5.6,73.07,75.68,135.19,2.957,1.178,UREA-46,101.4
12.0,2.0,15.02,42.56,7.23,41.35,92.99,209.11,4.945,0.439,NPK-15-15-15,207.4
12.0,1.0,16.96,50.85,6.62,18.34,15.65,161.49,6.728,1.588,DAP-18-46,247.0
2.0,3.0,24.8,58.57,4.78,200.0,63.16,311.54,0.517,5.945,HUMUS-ORG,4418.9
10.0,2.0,20.57,57.23,6.12,22.01,41.75,30.0,1.368,0.416,UREA-46,148.6
9.0,7.0,7.36,52.54,5.78,98.17,24.12,133.38,10.769,1.349,HUMUS-ORG,2874.2
11.0,8.0,15.06,79.53,6.13,24.3,49.88,110.48,5.039,4.945,UREA-46,112.9
6.0,1.0,23.01,62.07,5.92,49.17,4.1,30.0,2.483,7.18,KCL-60,144.2
12.0,6.0,18.19,64.69,6.98,51.04,58.1,149.68,3.609,0.1,UREA-46,239.5
3.0,7.0,27.81,59.76,5.1,28.22,12.09,79.94,2.308,2.895,DAP-18-46,211.3
4.0,7.0,16.74,82.29,5.77,115.81,4.58,292.02,7.929,0.816,DAP-18-46,222.5
11.0,5.0,22.64,35.74,6.2,120.73,42.67,290.78,1.722,0.32,KNO3-13-46,146.4
11.0,4.0,12.9,83.54,5.27,72.18,8.67,168.87,3.502,2.109,DAP-18-46,213.6
6.0,3.0,12.97,64.27,5.69,66.51,25.79,191.31,0.586,0.714,KNO3-13-46,119.3
6.0,4.0,20.05,64.15,6.65,77.76,60.54,248.96,3.364,1.447,KNO3-13-46,80.9
2.0,3.0,5.12,51.17,6.43,97.92,23.48,109.78,4.815,0.324,NIT-27,90.9
7.0,6.0,8.65,48.92,5.84,52.96,18.99,355.37,2.491,0.429,DAP-18-46,178.2
4.0,1.0,29.1,33.69,5.68,16.17,5.12,30.0,3.147,1.568,NPK-15-15-15,387.5
9.0,8.0,21.49,40.91,6.45,165.96,8.81,176.05,1.693,2.018,DAP-18-46,104.6
3.0,8.0,16.99,76.26,6.49,17.31,8.0,221.99,0.821,0.538,DAP-18-46,217.0
4.0,2.0,17.85,75.79,6.3,134.73,15.56,90.36,5.289,1.034,UREA-46,153.1
7.0,8.0,22.4,37.44,6.96,117.23,17.49,191.95,0.648,0.2,DAP-18-46,167.3
3.0,5.0,23.54,41.04,6.94,21.18,10.09,134.18,4.471,0.623,DAP-18-46,158.1
8.0,1.0,15.64,59.83,8.2,46.7,35.97,128.21,1.181,2.135,DAP-18-46,230.9
2.0,6.0,16.56,57.89,5.92,37.47,91.87,141.0,0.956,0.285,UREA-46,128.9
9.0,6.0,34.22,89.94,7.44,30.34,15.86,167.04,1.36,0.86,DAP-18-46,152.6
3.0,4.0,15.03,55.98,5.48,79.2,36.67,73.19,3.896,1.504,KCL-60,220.0
11.0,7.0,18.01,64.97,6.67,12.89,57.26,155.96,4.451,3.385,UREA-46,209.8
2.0,7.0,20.05,83.41,6.85,22.38,16.82,186.97,1.982,1.507,DAP-18-46,167.9
1.0,2.0,19.05,71.72,5.37,23.43,4.7,224.45,4.588,2.805,DAP-18-46,195.8
10.0,3.0,19.7,42.96,7.24,21.32,17.82,34.37,4.123,1.268,DAP-18-46,213.2
11.0,2.0,18.61,83.78,6.3,37.42,11.01,30.0,0.843,3.985,KCL-60,163.8
9.0,7.0,18.61,60.17,6.26,21.21,9.82,281.37,4.156,3.031,DAP-18-46,151.1
10.0,4.0,7.59,71.92,6.46,8.03,44.2,153.33,2.114,0.765,UREA-46,208.3
12.0,1.0,13.77,75.03,6.06,38.91,20.35,155.29,1.51,1.296,DAP-18-46,136.0
9.0,4.0,13.58,82.84,7.25,48.24,25.56,191.33,3.274,0.952,DAP-18-46,165.8
6.0,7.0,23.27,42.82,6.43,171.94,8.56,242.76,3.299,2.795,DAP-18-46,125.7
9.0,2.0,11.03,47.55,5.99,31.95,26.05,122.39,2.336,0.79,NPK-12-24-12,159.0
10.0,4.0,26.08,66.59,5.81,49.48,55.5,168.35,6.332,0.35,NPK-15-15-15,214.7
9.0,8.0,27.27,83.27,7.28,65.12,20.85,254.47,0.821,1.164,DAP-18-46,209.3
8.0,4.0,22.85,74.97,5.43,37.09,29.87,160.04,0.791,1.529,HUMUS-ORG,2402.3
12.0,2.0,13.18,74.32,5.52,50.91,20.67,153.1,3.828,0.721,NPK-15-15-15,171.6
1.0,4.0,22.62,49.34,4.99,14.61,28.56,327.99,1.487,1.162,UREA-46,188.7
1.0,3.0,21.17,68.08,4.81,7.24,8.06,121.24,2.854,0.1,DAP-18-46,209.1
1.0,3.0,18.45,74.08,6.66,99.79,26.9,30.0,1.786,0.413,KCL-60,164.8
7.0,5.0,15.28,60.38,4.86,31.72,46.06,174.62,0.9,2.848,HUMUS-ORG,2744.8
8.0,3.0,25.24,72.43,8.42,60.94,63.85,128.03,3.586,4.768,KCL-60,296.2
11.0,3.0,16.59,61.6,6.12,21.85,73.81,138.65,2.954,0.138,UREA-46,150.8
4.0,6.0,14.81,95.0,5.05,16.1,12.32,159.65,3.067,0.69,DAP-18-46,234.7
9.0,2.0,21.91,42.82,6.19,67.02,91.68,204.53,1.201,1.356,KNO3-13-46,77.6
5.0,8.0,13.01,20.0,6.38,99.42,23.86,111.61,2.368,1.656,DAP-18-46,123.6
1.0,1.0,8.72,45.5,7.03,60.44,91.95,290.49,2.877,0.763,KNO3-13-46,133.9
7.0,3.0,11.59,83.6,4.91,28.47,31.24,101.92,2.469,2.907,DAP-18-46,150.2
7.0,2.0,40.0,95.0,6.01,28.27,33.77,258.97,4.386,1.284,NPK-15-15-15,365.7
4.0,3.0,19.42,37.39,7.05,27.65,5.6,72.87,3.043,3.174,DAP-18-46,214.0
5.0,5.0,24.05,70.18,5.77,76.18,13.84,252.63,1.629,0.554,DAP-18-46,182.0
7.0,4.0,28.75,95.0,7.15,24.72,22.31,309.99,1.478,1.306,DAP-18-46,196.1
2.0,6.0,27.26,84.96,5.73,44.92,34.18,102.86,3.646,0.377,DAP-18-46,101.4
3.0,4.0,15.48,44.74,7.07,22.47,29.11,337.19,0.711,1.808,UREA-46,111.3
6.0,7.0,14.23,49.35,6.61,34.08,102.95,67.64,5.197,2.429,KCL-60,118.1
7.0,5.0,10.25,57.56,6.54,14.48,2.98,144.74,2.988,1.635,DAP-18-46,241.3
12.0,3.0,19.25,24.74,8.46,139.21,58.17,138.21,4.976,2.609,KNO3-13-46,77.5
2.0,3.0,19.74,56.03,6.02,36.32,14.46,263.17,2.664,1.626,NIT-27,116.0
6.0,5.0,29.21,49.85,6.33,15.69,26.69,110.01,0.64,1.613,UREA-46,153.2
4.0,6.0,16.12,84.57,5.91,39.77,7.08,182.46,2.897,0.415,DAP-18-46,208.7
6.0,6.0,23.08,80.05,6.81,43.41,44.92,320.3,5.258,2.471,UREA-46,204.8
8.0,7.0,8.79,88.62,6.54,25.52,12.87,258.09,1.772,0.311,DAP-18-46,191.5
7.0,4.0,29.96,58.97,6.91,12.23,14.31,132.3,1.653,3.886,UREA-46,103.5
2.0,3.0,28.75,55.8,7.08,35.69,34.58,216.26,8.817,1.217,NIT-27,143.1
9.0,6.0,14.23,68.73,7.57,58.33,99.77,250.81,1.302,2.63,UREA-46,124.7
11.0,2.0,10.26,86.59,6.63,53.13,12.97,365.43,5.614,0.647,KCL-60,184.6
7.0,3.0,28.79,68.61,6.27,12.48,11.61,215.97,1.423,1.821,UREA-46,197.6
8.0,8.0,11.31,69.39,5.96,6.44,132.89,135.12,4.928,7.795,UREA-46,164.3
10.0,5.0,13.73,64.4,7.32,28.34,45.07,172.13,0.705,0.434,UREA-46,208.3
1.0,7.0,23.16,65.42,7.33,32.9,13.85,151.15,4.294,0.393,DAP-18-46,126.2
7.0,3.0,16.32,75.09,6.17,20.2,15.18,230.27,1.604,2.289,DAP-18-46,196.6
5.0,5.0,25.0,78.01,4.89,12.59,47.25,252.05,0.699,1.32,UREA-46,223.2
10.0,7.0,20.28,41.45,7.74,52.67,28.46,206.4,1.169,1.447,HUMUS-ORG,2053.1
2.0,2.0,10.97,78.38,6.94,33.92,20.09,247.48,2.985,0.1,UREA-46,111.7
9.0,1.0,20.04,48.49,7.22,40.2,35.38,64.82,2.52,0.575,KCL-60,255.8
3.0,4.0,17.32,41.87,6.36,88.49,21.24,266.62,4.72,0.77,DAP-18-46,183.8
3.0,1.0,22.62,72.78,6.39,64.34,15.35,67.82,3.54,0.615,KCL-60,295.8
6.0,4.0,17.33,89.39,6.03,22.52,6.73,235.01,0.923,1.464,DAP-18-46,111.6
8.0,7.0,22.03,59.77,6.17,27.82,39.77,225.2,0.579,0.1,UREA-46,153.6
9.0,3.0,18.9,90.02,5.83,51.56,27.38,30.0,2.723,3.304,KCL-60,111.1
3.0,6.0,12.93,77.8,7.88,47.93,17.23,237.0,9.256,1.245,MAP-12-61,159.3
12.0,5.0,18.88,51.31,6.37,24.71,18.65,315.33,8.292,1.13,DAP-18-46,153.3
8.0,8.0,19.24,91.39,5.14,60.23,4.53,142.07,7.736,0.142,DAP-18-46,213.7
12.0,8.0,16.89,77.2,7.64,21.18,19.94,96.95,0.781,1.007,MAP-12-61,124.3
10.0,1.0,12.37,52.55,8.01,63.78,39.78,144.82,4.218,3.528,DAP-18-46,190.3
3.0,4.0,13.76,61.91,5.9,28.5,23.45,155.23,1.652,1.19,DAP-18-46,145.5
11.0,5.0,16.79,95.0,6.61,83.58,25.87,171.25,1.125,0.731,DAP-18-46,193.7
11.0,4.0,30.19,41.69,6.25,3.25,10.61,204.91,1.245,4.325,UREA-46,223.6
1.0,4.0,20.38,75.45,6.24,28.26,13.91,280.31,0.655,0.482,NPK-15-15-15,207.2
5.0,4.0,22.86,95.0,8.17,66.72,24.76,234.34,5.408,3.598,DAP-18-46,235.6
12.0,8.0,11.19,59.4,7.24,17.01,27.28,281.04,7.361,1.625,UREA-46,217.9
6.0,8.0,14.89,78.18,7.17,41.27,13.76,191.97,2.016,0.911,DAP-18-46,180.8
6.0,6.0,18.09,52.7,6.02,7.95,10.32,164.27,1.562,0.123,UREA-46,139.8
10.0,6.0,16.1,45.88,5.07,27.73,39.0,267.97,2.439,0.932,UREA-46,175.4
7.0,8.0,19.68,46.74,4.09,12.93,38.25,165.63,3.003,0.845,UREA-46,118.9
2.0,3.0,13.05,57.84,5.87,25.86,40.25,243.97,1.114,0.373,NIT-27,152.5
3.0,8.0,28.7,54.87,5.64,58.19,27.19,229.67,0.684,0.1,DAP-18-46,169.6
11.0,5.0,19.73,64.78,5.19,61.25,41.25,244.06,2.287,2.923,KNO3-13-46,136.5
7.0,1.0,23.89,94.71,7.92,92.75,9.82,236.27,5.075,1.024,MAP-12-61,83.3
6.0,7.0,10.11,34.58,5.88,38.88,39.51,269.03,4.567,0.195,UREA-46,225.5
7.0,1.0,5.0,84.96,4.56,16.42,4.62,169.11,1.203,0.215,DAP-18-46,116.4
7.0,2.0,19.29,76.35,6.37,40.78,27.19,76.83,6.187,2.287,KCL-60,192.4
3.0,2.0,17.97,71.18,5.89,3.21,19.77,105.47,4.814,6.505,UREA-46,169.6
12.0,5.0,17.72,76.0,6.41,27.97,40.95,177.0,5.896,0.62,UREA-46,204.8
3.0,4.0,26.12,65.01,6.25,105.25,76.2,147.33,3.722,0.1,DAP-18-46,172.8
6.0,6.0,10.07,69.6,6.94,48.28,33.81,135.89,1.238,1.143,DAP-18-46,142.0
11.0,1.0,21.11,62.71,7.74,54.82,40.49,199.65,2.947,3.116,UREA-46,145.4
8.0,1.0,15.43,85.95,7.35,29.9,25.06,242.53,6.199,2.0,DAP-18-46,150.9
3.0,2.0,13.08,62.2,6.99,53.38,19.07,126.08,0.77,0.501,SA-21,187.2
1.0,8.0,16.75,64.12,6.05,32.84,72.37,263.27,0.985,1.036,UREA-46,237.7
1.0,4.0,21.01,77.65,6.27,67.99,16.56,261.65,5.217,1.153,NPK-15-15-15,312.3
6.0,4.0,22.3,74.02,5.35,26.16,17.6,272.9,5.086,0.697,NPK-10-26-26,106.4
11.0,2.0,24.86,74.83,5.65,200.0,41.15,183.57,1.451,0.272,KCL-60,247.5
2.0,2.0,27.21,81.63,6.38,17.49,50.77,114.28,4.42,2.209,UREA-46,204.5
3.0,1.0,19.92,51.13,5.22,91.2,101.72,70.92,0.513,1.873,KCL-60,182.9
9.0,1.0,22.4,75.71,7.22,65.63,28.74,208.71,2.381,1.417,DAP-18-46,177.4
5.0,6.0,13.31,49.25,6.36,30.17,14.73,238.18,0.532,0.745,SA-21,251.8
9.0,6.0,25.91,67.8,4.84,20.29,68.91,130.98,1.268,3.364,HUMUS-ORG,2288.2
5.0,8.0,23.53,61.02,6.75,9.81,87.17,282.19,1.922,0.628,UREA-46,131.9
5.0,1.0,13.54,95.0,6.36,49.33,33.42,206.72,0.658,2.549,UREA-46,132.4
7.0,3.0,22.96,64.48,8.14,32.45,78.54,247.39,0.582,0.847,DAP-18-46,216.0
4.0,2.0,26.19,89.51,5.27,36.38,3.64,239.7,1.782,4.218,UREA-46,137.6
12.0,1.0,18.35,60.76,8.18,43.88,4.72,66.49,2.278,5.804,KCL-60,238.0
6.0,2.0,29.34,69.14,6.82,42.63,20.32,224.74,0.965,0.405,NPK-10-26-26,243.8
11.0,4.0,6.29,68.64,7.72,35.68,15.34,210.09,3.461,1.087,MAP-12-61,169.7
12.0,3.0,14.42,55.14,5.9,22.8,29.59,196.77,1.347,1.264,KNO3-13-46,81.9
3.0,8.0,13.8,57.13,6.65,51.49,8.18,139.25,5.451,0.7,DAP-18-46,156.2
4.0,1.0,14.03,58.62,5.6,4.97,21.58,316.7,0.687,0.87,UREA-46,206.3
3.0,2.0,17.01,54.87,4.71,61.97,15.64,138.68,3.073,0.1,SA-21,204.5
9.0,1.0,21.73,46.68,6.69,55.64,61.65,83.14,1.853,0.347,UREA-46,122.4
2.0,5.0,15.06,62.91,5.26,26.37,17.25,225.93,2.717,0.584,SA-21,212.1
7.0,7.0,19.12,75.56,6.6,78.14,9.34,324.43,1.018,1.8,DAP-18-46,182.1
10.0,6.0,25.8,90.4,5.84,40.6,15.65,223.13,1.793,0.511,DAP-18-46,221.4
1.0,7.0,14.26,50.2,5.85,72.45,34.67,30.0,1.969,0.206,KCL-60,281.4
12.0,3.0,18.51,61.14,7.14,62.82,16.03,323.29,1.056,0.817,KNO3-13-46,72.3
9.0,4.0,13.38,52.93,6.11,27.67,10.28,212.94,4.698,1.028,DAP-18-46,208.4
7.0,6.0,19.02,54.18,4.0,83.4,19.24,150.14,4.797,1.288,DAP-18-46,113.9
6.0,4.0,25.79,59.38,6.36,66.37,11.15,209.51,2.217,1.35,NPK-10-26-26,234.8
2.0,4.0,18.47,59.07,7.39,46.94,68.79,206.78,1.271,0.1,NPK-15-15-15,246.5
12.0,2.0,12.35,55.87,7.61,88.5,52.69,133.95,1.349,0.1,NPK-15-15-15,319.0
6.0,8.0,20.85,87.19,6.36,48.61,44.0,259.79,0.694,0.291,DAP-18-46,113.9
8.0,6.0,23.36,63.4,6.55,14.29,13.09,210.79,4.537,3.69,UREA-46,153.1
4.0,7.0,20.7,50.07,7.12,56.05,24.54,236.55,8.989,3.292,DAP-18-46,219.2
8.0,4.0,12.03,68.5,6.54,73.04,27.56,175.65,1.491,0.819,DAP-18-46,172.9
6.0,2.0,18.29,47.24,6.03,200.0,23.66,81.09,1.141,1.517,NPK-10-26-26,240.6
7.0,8.0,15.6,61.61,5.74,36.34,32.0,103.26,0.775,0.675,DAP-18-46,144.9
12.0,4.0,17.29,83.19,5.63,102.33,9.02,177.48,1.426,1.206,DAP-18-46,248.2
10.0,8.0,25.22,30.85,7.22,65.51,29.61,245.13,0.857,0.336,DAP-18-46,203.3
2.0,2.0,19.81,63.97,5.83,22.08,70.85,35.0,1.018,1.105,UREA-46,228.6
1.0,8.0,18.38,63.1,5.55,44.03,34.18,171.56,6.484,1.968,DAP-18-46,140.8
8.0,1.0,17.81,63.34,8.05,32.8,44.52,44.12,1.292,0.831,KCL-60,141.5
2.0,8.0,16.28,64.21,6.17,15.73,32.21,97.27,8.112,1.129,UREA-46,218.1
10.0,3.0,8.44,48.49,6.32,31.57,41.52,136.25,2.463,1.253,UREA-46,223.9
7.0,2.0,14.57,82.18,4.96,31.26,55.56,135.08,1.331,0.1,HUMUS-ORG,2329.8
3.0,2.0,12.14,55.9,5.91,31.9,22.82,239.46,1.113,2.043,SA-21,176.9
6.0,5.0,28.43,40.09,5.89,72.6,19.09,205.58,5.171,5.865,DAP-18-46,142.2
3.0,6.0,17.07,95.0,6.54,95.65,69.39,251.35,5.607,3.295,KNO3-13-46,86.7
9.0,2.0,19.22,65.25,7.53,10.12,66.25,161.15,0.708,2.328,UREA-46,173.5
1.0,6.0,14.03,54.36,6.07,25.19,11.22,180.27,1.88,1.7,DAP-18-46,177.7
12.0,6.0,12.0,55.15,4.46,39.17,60.2,214.28,1.495,1.867,HUMUS-ORG,3959.1
2.0,4.0,33.39,90.57,6.35,105.41,6.17,166.15,0.801,3.517,NPK-15-15-15,261.5
2.0,8.0,19.08,81.93,4.0,43.48,11.06,263.43,1.381,1.947,HUMUS-ORG,3132.3
9.0,2.0,18.55,77.5,6.95,15.96,9.03,32.19,1.562,1.057,NPK-15-15-15,196.5
7.0,8.0,17.04,55.79,6.71,92.1,7.82,194.76,9.621,1.299,DAP-18-46,149.1
4.0,1.0,26.6,37.28,8.15,10.92,5.25,248.89,8.164,0.361,DAP-18-46,209.7
1.0,5.0,25.46,77.84,6.58,116.08,20.18,296.73,0.526,2.12,DAP-18-46,230.5
12.0,1.0,16.12,75.91,7.15,132.89,15.69,156.68,5.285,0.597,DAP-18-46,110.3
7.0,7.0,21.05,68.88,7.32,48.21,52.21,273.31,4.674,2.105,UREA-46,233.9
10.0,2.0,13.61,40.78,6.19,45.89,58.25,261.15,0.802,0.473,UREA-46,168.5
1.0,5.0,13.79,59.18,5.88,7.95,23.21,61.03,0.879,0.843,UREA-46,189.7
1.0,2.0,8.38,50.2,6.71,38.46,28.42,117.02,1.088,1.166,NPK-12-24-12,192.2
6.0,4.0,17.17,88.71,4.69,16.97,15.65,180.91,2.635,3.353,NPK-10-26-26,132.7
6.0,4.0,15.05,77.44,6.11,18.73,29.11,48.46,0.806,0.929,NPK-10-26-26,178.5
12.0,4.0,23.0,64.44,7.36,25.28,94.39,112.61,4.4,2.523,UREA-46,129.7
12.0,2.0,9.04,83.14,5.15,34.9,16.35,142.33,1.664,0.221,NPK-15-15-15,262.4
5.0,4.0,18.43,82.89,6.66,41.68,34.75,251.29,3.056,1.666,DAP-18-46,208.9
5.0,8.0,26.91,54.45,5.54,67.12,27.21,122.04,8.408,0.138,DAP-18-46,100.7
6.0,8.0,26.65,77.5,6.79,114.17,41.66,55.62,3.066,1.163,KCL-60,131.8
7.0,8.0,16.8,82.1,7.16,36.72,26.51,64.64,4.509,2.134,KCL-60,171.6
9.0,5.0,14.14,79.77,6.13,60.59,48.78,56.68,4.67,0.4,KCL-60,182.0
4.0,3.0,13.6,78.92,6.21,25.79,17.54,213.97,1.68,0.85,DAP-18-46,154.2
4.0,3.0,10.38,64.39,6.8,10.66,8.14,207.48,1.291,0.91,DAP-18-46,241.5
12.0,3.0,18.67,73.45,6.81,14.11,13.15,116.82,0.512,3.189,UREA-46,144.4
4.0,3.0,18.69,49.78,6.07,38.61,11.73,41.35,1.443,3.704,KCL-60,108.4
8.0,7.0,23.74,49.04,6.69,50.28,30.21,110.37,2.361,0.522,DAP-18-46,232.1
7.0,5.0,5.2,63.47,5.7,15.76,6.13,134.69,1.237,1.759,DAP-18-46,198.1
7.0,2.0,23.79,57.7,5.28,42.53,11.42,99.28,1.181,4.174,HUMUS-ORG,2930.4
4.0,8.0,27.57,95.0,7.72,34.06,24.36,254.33,1.23,1.813,DAP-18-46,238.5
8.0,1.0,17.62,49.7,4.49,33.27,17.63,86.58,0.979,0.105,HUMUS-ORG,2589.8
6.0,4.0,16.37,90.04,5.91,47.37,8.55,187.4,0.581,0.479,NPK-10-26-26,235.1
10.0,4.0,10.65,44.66,5.89,54.48,15.83,186.65,1.671,2.898,NPK-15-15-15,322.8
6.0,4.0,16.54,91.04,7.19,26.07,3.33,157.27,1.312,4.402,DAP-18-46,227.1
3.0,6.0,8.93,53.6,7.23,83.04,67.56,129.97,1.789,0.863,DAP-18-46,106.0
12.0,8.0,19.65,75.7,5.93,10.55,18.14,290.95,1.641,0.174,UREA-46,107.8
6.0,3.0,18.41,20.0,6.72,26.84,3.24,286.5,0.634,4.434,DAP-18-46,185.7
2.0,5.0,21.78,54.77,5.92,46.87,35.28,155.55,4.53,3.905,SA-21,213.0
9.0,1.0,14.6,76.47,7.4,19.05,9.33,144.26,2.047,0.1,DAP-18-46,131.8
7.0,7.0,28.77,44.5,6.81,200.0,25.06,202.48,1.791,2.957,DAP-18-46,225.1
5.0,1.0,10.67,78.86,5.58,126.23,45.2,85.94,4.059,0.353,KCL-60,118.7
5.0,5.0,19.17,45.57,5.14,29.37,107.13,277.75,1.63,0.1,UREA-46,117.5
10.0,4.0,9.25,44.27,6.16,106.93,64.13,157.22,3.562,1.096,NPK-15-15-15,304.9
1.0,5.0,19.26,75.48,5.1,84.36,31.52,261.7,1.389,0.315,HUMUS-ORG,2230.9
11.0,2.0,14.69,67.94,4.95,24.88,4.61,207.83,0.536,4.386,DAP-18-46,128.9
3.0,3.0,18.23,74.57,4.18,34.39,20.27,99.38,4.734,0.302,NPK-15-15-15,332.5
6.0,2.0,26.1,46.34,7.29,47.68,46.58,109.1,0.661,0.29,NPK-10-26-26,148.8
12.0,8.0,17.86,66.22,4.67,55.76,24.53,121.3,3.398,0.1,DAP-18-46,183.2
2.0,7.0,16.09,57.8,6.82,105.87,26.29,90.12,3.729,4.547,DAP-18-46,154.6
5.0,1.0,14.82,69.15,5.02,57.22,30.77,265.84,4.535,0.466,UREA-46,227.4
2.0,3.0,22.63,77.75,5.65,17.91,31.27,217.88,2.569,0.688,NIT-27,140.7
4.0,8.0,19.05,64.39,7.62,10.3,21.48,218.98,2.379,1.086,UREA-46,214.6
11.0,3.0,16.46,52.62,4.88,117.88,65.66,161.97,0.665,3.254,HUMUS-ORG,2931.8
2.0,1.0,17.43,51.29,7.5,71.26,35.27,237.36,1.657,0.722,UREA-46,243.4
3.0,2.0,10.29,54.44,7.07,46.77,72.14,99.4,3.115,1.665,SA-21,279.0
8.0,5.0,17.74,54.08,4.5,65.87,38.56,245.36,2.576,3.343,DAP-18-46,249.1
1.0,2.0,13.67,72.94,6.64,26.51,29.0,30.0,1.705,3.674,NPK-12-24-12,146.8
4.0,7.0,26.41,43.5,6.9,14.88,9.32,283.62,0.953,1.05,DAP-18-46,197.8
4.0,8.0,23.39,54.12,5.72,23.37,32.0,142.87,3.322,0.956,UREA-46,237.3
5.0,7.0,23.05,95.0,5.1,23.87,16.45,285.3,1.953,0.761,DAP-18-46,154.8
5.0,3.0,24.08,20.0,7.11,33.56,9.72,315.74,3.638,0.463,DAP-18-46,167.4
10.0,7.0,14.01,74.23,6.39,60.17,17.76,159.46,1.504,0.271,HUMUS-ORG,3134.9
7.0,8.0,13.57,73.22,6.77,39.31,10.27,199.97,0.564,1.388,DAP-18-46,207.1
5.0,7.0,20.33,79.78,5.83,12.54,79.84,231.35,1.506,0.925,UREA-46,106.0
12.0,5.0,20.35,73.75,5.11,78.68,17.87,269.42,1.884,0.413,DAP-18-46,244.0
7.0,3.0,13.13,75.52,5.74,57.91,25.59,285.11,1.545,0.308,DAP-18-46,126.7
11.0,1.0,24.27,67.35,7.19,13.73,30.49,113.73,3.688,2.366,UREA-46,155.8
12.0,7.0,24.74,61.82,6.72,49.21,29.41,224.88,3.107,2.137,DAP-18-46,230.0
3.0,5.0,25.82,95.0,6.26,7.3,4.77,243.65,2.526,0.402,DAP-18-46,166.7
12.0,8.0,9.02,42.32,5.37,28.98,8.79,180.94,2.508,1.404,DAP-18-46,104.6
8.0,5.0,11.65,55.21,7.96,38.41,31.24,174.08,9.63,2.567,DAP-18-46,111.0
8.0,3.0,19.97,41.6,4.9,16.93,37.18,117.29,3.847,1.998,KCL-60,155.3
9.0,2.0,11.55,88.63,7.68,16.88,22.42,346.06,2.843,1.185,NPK-12-24-12,139.8
5.0,3.0,27.03,68.09,5.4,165.97,6.03,90.42,1.149,1.473,HUMUS-ORG,2118.7
10.0,8.0,24.13,44.26,6.43,19.62,25.25,289.89,0.906,0.866,UREA-46,129.7
10.0,4.0,26.16,43.45,6.0,60.02,12.44,30.0,2.833,0.959,KCL-60,282.2
2.0,1.0,19.43,95.0,5.32,128.51,18.64,194.56,4.686,0.364,UREA-46,167.1
9.0,6.0,13.07,45.18,4.6,80.77,50.59,269.24,2.481,0.64,KNO3-13-46,133.7
7.0,6.0,17.26,55.09,6.68,22.79,41.21,189.01,1.478,0.594,UREA-46,218.3
4.0,2.0,17.35,28.77,6.68,44.73,21.46,377.81,0.819,2.708,UREA-46,162.6
11.0,3.0,24.16,52.01,5.47,19.25,15.14,314.28,1.412,0.213,HUMUS-ORG,2952.1
12.0,4.0,8.85,42.04,6.15,79.22,9.69,86.83,1.657,1.236,DAP-18-46,242.1
3.0,2.0,13.36,95.0,6.51,87.68,52.59,152.81,1.138,0.1,SA-21,318.5
4.0,7.0,24.78,55.72,6.11,10.06,19.65,129.88,4.471,1.692,UREA-46,176.4
9.0,6.0,21.64,56.01,5.44,8.66,8.76,30.0,1.569,3.062,NPK-15-15-15,375.2
7.0,4.0,7.0,61.0,7.62,30.41,14.41,118.79,1.879,0.431,MAP-12-61,122.7
9.0,6.0,22.52,83.86,6.58,77.08,16.41,180.04,1.324,0.688,DAP-18-46,193.8
9.0,6.0,27.2,78.95,5.81,35.72,41.05,135.7,6.075,0.647,UREA-46,202.2
6.0,1.0,13.8,74.18,5.54,124.26,20.55,139.89,4.468,1.562,DAP-18-46,244.9
7.0,1.0,16.58,58.47,6.14,62.5,21.4,177.38,2.599,0.2,DAP-18-46,214.7
5.0,2.0,24.85,89.47,4.9,26.04,58.28,213.16,1.609,1.59,NPK-15-15-15,289.3
7.0,5.0,25.04,73.19,5.35,19.28,27.94,106.69,1.257,0.672,HUMUS-ORG,3478.1
8.0,3.0,8.67,70.65,7.09,22.03,25.26,335.73,1.638,1.542,KCL-60,105.6
10.0,8.0,15.61,65.49,8.15,67.49,4.07,122.71,2.627,3.202,MAP-12-61,132.1
2.0,7.0,9.26,58.2,4.0,28.68,21.4,167.45,10.312,2.748,DAP-18-46,248.6
10.0,5.0,16.16,85.29,5.5,80.06,9.55,135.0,3.937,1.043,DAP-18-46,200.9
10.0,6.0,18.37,87.87,6.17,36.13,16.8,144.68,5.114,0.739,DAP-18-46,179.4
5.0,1.0,18.84,53.63,6.18,22.47,8.98,227.46,8.968,0.129,DAP-18-46,235.4
8.0,4.0,31.15,91.37,7.71,200.0,39.4,284.82,3.47,0.628,DAP-18-46,148.0
8.0,1.0,18.56,89.45,6.15,22.26,12.61,157.5,1.343,1.209,DAP-18-46,185.8
5.0,3.0,21.08,79.68,5.62,75.88,28.6,104.47,4.415,0.283,DAP-18-46,203.7
5.0,1.0,20.68,50.0,5.93,19.52,32.58,218.51,4.678,0.1,UREA-46,179.5
5.0,7.0,9.96,76.48,6.18,11.72,59.84,81.23,1.923,1.207,UREA-46,217.4
7.0,5.0,19.36,52.93,5.63,38.25,7.23,254.42,1.158,0.742,DAP-18-46,204.3
10.0,2.0,12.43,57.26,7.5,21.96,5.4,30.0,4.768,2.735,DAP-18-46,208.7
6.0,8.0,17.83,48.59,6.21,8.99,14.57,41.54,1.861,0.603,NPK-15-15-15,176.5
6.0,3.0,10.31,66.09,5.85,37.9,32.52,160.64,2.11,2.832,KNO3-13-46,149.0
12.0,7.0,20.13,95.0,5.97,23.75,80.07,157.87,2.194,0.955,UREA-46,122.2
8.0,1.0,16.62,55.82,6.28,105.55,5.02,353.07,0.919,2.039,DAP-18-46,161.7
10.0,6.0,17.91,74.33,6.68,56.66,63.95,135.22,1.686,2.511,UREA-46,174.1
7.0,5.0,19.31,80.88,7.56,22.63,6.04,30.0,1.382,0.725,DAP-18-46,120.0
9.0,5.0,13.25,46.4,6.67,12.59,72.47,182.65,1.32,1.963,UREA-46,102.0
7.0,7.0,24.3,20.0,6.2,129.59,63.73,75.21,1.635,5.808,KCL-60,172.2
2.0,5.0,14.39,87.51,6.81,45.24,34.11,306.49,0.935,0.914,SA-21,151.5
12.0,7.0,20.53,54.57,5.8,15.89,15.22,265.14,2.867,1.541,DAP-18-46,212.4
2.0,6.0,31.82,68.26,5.31,32.6,6.61,238.19,2.443,0.781,DAP-18-46,225.5
5.0,5.0,22.67,68.93,7.44,7.44,42.84,273.62,3.047,2.932,UREA-46,232.5
7.0,2.0,23.68,48.07,5.84,18.62,16.78,201.79,4.691,8.689,NPK-15-15-15,347.1
1.0,4.0,17.35,65.27,6.36,10.21,65.23,138.56,2.126,0.235,UREA-46,203.0
10.0,1.0,12.67,67.89,6.81,42.71,11.72,96.96,1.715,11.704,DAP-18-46,160.8
8.0,1.0,14.73,57.25,7.17,19.04,16.72,220.93,1.436,1.564,DAP-18-46,139.8
1.0,8.0,20.25,49.91,5.31,35.24,19.71,186.07,4.399,0.168,DAP-18-46,131.1
6.0,1.0,19.68,64.62,4.65,106.64,14.22,37.58,6.61,1.849,KCL-60,235.5
9.0,5.0,25.19,78.25,5.76,25.65,54.18,316.75,0.549,0.403,UREA-46,220.5
12.0,4.0,13.18,75.56,7.65,72.46,18.75,363.08,7.86,1.107,MAP-12-61,101.0
8.0,4.0,26.26,68.95,5.7,108.1,69.68,173.84,1.415,0.426,DAP-18-46,162.2
5.0,3.0,26.19,86.62,6.44,58.31,48.21,187.1,1.912,0.292,DAP-18-46,171.0
7.0,8.0,26.33,66.39,5.24,65.68,32.74,242.5,2.575,0.917,DAP-18-46,196.1
9.0,7.0,17.9,37.1,5.7,81.68,16.62,117.87,0.94,1.828,HUMUS-ORG,3715.3
11.0,3.0,18.26,65.57,6.79,58.12,38.01,180.2,1.258,0.586,DAP-18-46,227.8
1.0,7.0,15.98,42.5,6.61,63.55,12.98,224.95,1.704,0.71,DAP-18-46,135.7
7.0,1.0,10.99,82.1,6.53,12.37,30.01,114.36,7.495,0.457,UREA-46,159.7
4.0,3.0,17.33,62.59,6.72,6.59,14.83,136.52,5.986,0.614,UREA-46,124.7
7.0,8.0,20.57,51.73,6.92,30.16,18.63,117.3,1.781,0.1,DAP-18-46,165.6
4.0,5.0,19.61,57.7,5.32,17.51,49.26,145.27,1.612,0.768,UREA-46,148.9
10.0,8.0,12.84,55.42,7.49,26.06,58.76,366.99,4.367,0.16,UREA-46,216.1
3.0,3.0,22.24,36.97,6.35,56.26,44.67,136.79,1.853,0.29,NPK-15-15-15,237.5
6.0,4.0,28.85,27.4,6.32,98.34,19.8,118.08,3.866,1.105,NPK-10-26-26,115.9
11.0,6.0,19.54,68.44,5.54,25.6,69.96,172.35,1.746,4.548,UREA-46,238.9
8.0,6.0,15.61,42.79,6.45,91.12,48.67,239.13,0.666,0.582,KNO3-13-46,85.1
11.0,6.0,20.6,20.0,7.43,13.07,26.81,180.04,7.042,1.633,UREA-46,145.8
5.0,6.0,16.38,87.73,5.8,19.94,37.75,167.7,1.415,2.78,SA-21,286.1
9.0,3.0,15.97,32.19,6.63,33.22,26.35,211.84,1.959,4.496,DAP-18-46,182.8
1.0,7.0,16.68,51.84,7.77,96.16,77.7,110.98,3.246,0.283,DAP-18-46,181.8
9.0,1.0,28.04,50.01,5.67,91.47,77.38,294.74,4.788,0.1,KNO3-13-46,60.3
8.0,2.0,18.8,63.89,4.48,46.7,37.03,169.85,4.21,0.579,NPK-15-15-15,193.8
3.0,4.0,12.94,72.21,5.36,15.31,60.36,189.88,4.524,2.189,UREA-46,175.0
5.0,3.0,25.24,59.2,6.9,31.62,20.47,224.41,12.075,1.053,DAP-18-46,104.8
7.0,2.0,21.44,71.1,6.11,15.25,11.25,132.47,1.427,0.562,NPK-15-15-15,338.9
7.0,3.0,11.86,69.24,7.49,117.92,9.82,74.35,1.447,0.9,KCL-60,104.0
2.0,8.0,19.24,20.0,6.53,43.56,65.08,121.75,3.385,0.464,UREA-46,200.1
9.0,1.0,19.32,72.57,5.04,23.67,6.83,30.0,0.964,0.1,DAP-18-46,128.4
6.0,1.0,18.65,50.24,5.89,27.98,6.21,96.76,1.5,2.075,DAP-18-46,111.2
11.0,6.0,21.37,77.03,7.03,15.35,9.9,160.61,1.296,3.572,DAP-18-46,235.6
8.0,5.0,24.7,64.79,6.08,33.41,39.87,114.59,0.692,1.112,UREA-46,118.3
6.0,4.0,22.19,56.05,6.68,70.55,20.04,121.88,2.063,0.1,NPK-10-26-26,179.7
9.0,2.0,19.47,44.22,6.47,26.43,60.3,236.51,1.595,0.802,NPK-12-24-12,166.8
3.0,4.0,24.43,95.0,5.38,73.34,10.65,109.87,1.771,0.1,DAP-18-46,153.3
4.0,4.0,27.77,62.48,7.27,143.85,64.85,75.1,3.651,0.645,KCL-60,259.8
10.0,8.0,23.7,70.61,6.3,83.81,12.82,220.35,1.349,0.779,DAP-18-46,185.4
1.0,6.0,23.26,54.96,6.17,47.45,3.58,92.64,0.555,1.187,DAP-18-46,194.6
2.0,5.0,17.9,45.44,5.99,21.03,3.49,432.99,0.516,0.988,DAP-18-46,178.0
1.0,5.0,16.12,75.56,6.56,31.81,9.58,329.03,5.471,1.409,DAP-18-46,186.1
6.0,3.0,29.95,52.63,4.67,20.93,14.22,151.25,2.259,0.412,KNO3-13-46,88.5
3.0,8.0,19.75,64.0,7.1,19.58,7.25,148.6,1.433,0.879,DAP-18-46,222.8
5.0,4.0,23.1,56.52,7.37,28.62,21.36,150.16,1.84,0.909,DAP-18-46,224.5
8.0,5.0,13.81,46.04,5.71,33.95,150.0,128.66,2.94,2.428,UREA-46,110.4
1.0,1.0,18.18,55.32,5.43,29.78,71.41,192.13,3.197,0.1,NPK-15-15-15,216.4
12.0,5.0,15.11,50.32,4.93,16.0,15.5,263.37,0.708,1.849,HUMUS-ORG,3377.0
3.0,8.0,23.85,62.99,6.91,39.13,14.66,30.0,2.388,1.744,KCL-60,144.9
1.0,6.0,31.97,77.62,5.28,26.05,21.38,126.17,1.524,3.354,DAP-18-46,183.9
12.0,5.0,20.33,71.51,7.14,38.73,18.17,235.64,4.396,0.842,DAP-18-46,119.1
1.0,4.0,16.4,64.91,5.96,11.34,63.95,288.09,6.926,4.389,UREA-46,231.6
9.0,3.0,29.59,46.93,7.37,79.3,27.68,165.4,1.15,0.621,DAP-18-46,192.6
6.0,5.0,17.7,58.15,5.89,20.29,26.13,229.29,3.401,2.543,UREA-46,219.9
3.0,3.0,20.93,66.56,6.79,17.28,5.97,227.42,0.573,3.625,DAP-18-46,233.6
3.0,4.0,23.01,38.87,5.22,200.0,30.6,167.01,2.782,1.54,DAP-18-46,222.5
2.0,2.0,17.74,71.19,5.32,32.72,75.57,307.5,0.944,0.243,HUMUS-ORG,3506.6
11.0,8.0,5.88,70.77,6.13,47.04,31.07,30.0,0.786,1.785,KCL-60,246.9
6.0,7.0,15.31,60.46,4.2,133.55,31.37,80.1,4.22,0.826,DAP-18-46,146.4
10.0,6.0,15.82,55.95,7.31,62.32,49.7,100.74,1.587,0.542,DAP-18-46,137.4
4.0,5.0,17.17,59.93,6.54,48.19,30.06,30.0,3.054,0.191,KCL-60,145.9
7.0,7.0,24.6,54.63,7.09,78.44,12.16,251.0,0.626,0.1,DAP-18-46,172.8
4.0,6.0,10.76,75.45,6.37,96.9,13.75,269.33,1.228,3.64,DAP-18-46,113.8
10.0,8.0,19.27,64.68,7.64,11.51,24.69,236.63,0.93,0.814,UREA-46,162.9
10.0,8.0,26.09,60.5,5.67,130.92,10.35,225.52,4.077,1.888,DAP-18-46,209.0
3.0,2.0,26.93,68.23,6.73,35.61,75.4,242.21,4.013,1.659,SA-21,312.3
12.0,2.0,15.32,54.54,6.9,73.71,25.76,204.14,1.437,0.1,NPK-15-15-15,270.6
9.0,6.0,17.76,54.48,7.12,65.57,35.32,305.92,2.031,0.26,DAP-18-46,226.6
12.0,7.0,18.89,33.69,7.47,112.82,31.31,46.81,1.433,3.568,KCL-60,259.5
8.0,2.0,12.85,70.49,6.99,112.19,63.03,275.61,1.116,0.386,KNO3-13-46,93.1
6.0,6.0,6.52,89.58,5.28,13.55,20.19,102.72,0.831,4.442,UREA-46,113.5
7.0,3.0,21.01,81.65,5.71,17.64,13.05,185.39,1.704,0.424,DAP-18-46,191.0
12.0,6.0,5.0,76.41,7.31,10.12,80.12,118.85,9.631,4.12,UREA-46,196.3
11.0,1.0,13.24,86.6,5.22,37.86,39.71,171.9,1.041,0.103,HUMUS-ORG,3933.1
2.0,7.0,29.12,95.0,6.48,12.27,30.07,64.63,4.282,0.425,UREA-46,159.0
10.0,2.0,20.51,92.11,5.85,62.32,50.22,84.22,0.75,0.1,KCL-60,209.7
12.0,2.0,19.17,58.57,7.5,53.57,34.45,109.05,2.796,0.335,NPK-15-15-15,353.9
2.0,8.0,21.57,41.64,5.78,33.15,23.09,196.09,10.808,0.971,DAP-18-46,112.6
2.0,8.0,9.64,54.28,6.16,9.74,28.58,93.57,2.046,1.173,UREA-46,121.3
6.0,1.0,15.9,75.87,6.7,14.71,1.98,229.77,0.971,5.993,DAP-18-46,143.8
10.0,6.0,18.05,89.13,6.37,97.37,8.21,316.15,4.005,1.877,DAP-18-46,104.0
11.0,6.0,22.48,64.1,7.28,3.15,40.7,239.37,6.376,0.238,UREA-46,139.2
4.0,7.0,20.92,51.37,7.04,26.05,7.96,223.84,3.209,1.017,DAP-18-46,158.0
2.0,5.0,16.41,51.85,6.86,21.95,6.94,248.94,2.162,0.212,DAP-18-46,208.7
12.0,2.0,20.54,53.67,6.35,42.86,72.86,103.71,1.698,0.768,NPK-15-15-15,275.5
10.0,6.0,29.53,57.81,5.68,21.66,13.86,161.84,1.993,1.766,DAP-18-46,107.3
11.0,1.0,19.17,40.31,6.82,21.27,11.76,87.51,0.899,1.355,UREA-46,135.8
12.0,3.0,12.5,52.7,5.29,20.11,150.0,268.91,2.455,0.807,KNO3-13-46,53.6
1.0,6.0,15.75,85.25,6.96,107.9,45.25,111.4,0.766,3.366,DAP-18-46,122.4
4.0,6.0,26.02,74.58,5.58,59.35,21.95,235.7,2.368,2.204,DAP-18-46,212.8
12.0,1.0,17.97,66.28,7.04,32.1,19.75,30.0,0.504,3.441,KCL-60,157.2
4.0,5.0,14.59,79.77,7.13,75.44,35.59,180.82,2.536,0.532,DAP-18-46,172.9
7.0,6.0,21.29,44.88,7.07,95.63,34.4,192.15,0.791,2.511,DAP-18-46,134.9
2.0,4.0,23.2,74.02,5.06,145.26,6.9,190.17,0.887,3.427,HUMUS-ORG,4259.2
3.0,2.0,16.51,57.31,5.38,94.81,12.76,234.18,1.94,1.071,SA-21,336.5
6.0,8.0,25.72,70.38,6.37,17.99,61.21,87.41,2.962,0.212,UREA-46,165.6
4.0,8.0,25.85,39.19,6.6,105.82,13.77,243.62,3.013,0.828,DAP-18-46,164.1
8.0,2.0,25.03,54.61,7.49,25.55,89.05,226.01,3.971,0.286,NPK-15-15-15,165.8
10.0,3.0,9.98,69.14,6.62,22.63,5.94,238.89,2.497,0.732,DAP-18-46,244.2
11.0,4.0,21.72,67.11,5.85,51.67,13.38,153.95,2.626,1.187,DAP-18-46,128.4
12.0,6.0,23.12,64.3,5.24,42.82,7.23,30.0,1.868,0.504,KCL-60,258.8
7.0,1.0,26.57,37.78,6.0,71.8,21.7,249.42,7.098,6.078,DAP-18-46,168.1
2.0,2.0,15.15,75.28,6.44,66.96,4.81,265.11,4.59,1.067,UREA-46,141.2
4.0,7.0,14.68,85.79,5.34,80.04,35.03,165.44,0.875,2.804,HUMUS-ORG,2071.7
2.0,2.0,28.47,76.72,7.14,23.77,16.08,121.47,2.209,1.155,UREA-46,224.7
1.0,7.0,13.27,59.74,6.05,36.63,11.8,178.33,0.632,0.1,DAP-18-46,192.9
6.0,7.0,22.07,42.78,5.89,84.33,31.86,150.92,2.272,1.973,DAP-18-46,143.1
12.0,7.0,11.9,91.55,4.85,50.92,38.62,75.8,0.552,0.763,KCL-60,252.8
10.0,6.0,11.72,70.69,7.27,51.67,44.84,209.35,1.275,3.075,DAP-18-46,198.1
6.0,6.0,24.97,69.54,5.71,10.34,18.89,178.34,3.293,0.188,UREA-46,109.3
3.0,2.0,7.77,49.65,5.47,11.01,17.42,199.23,3.384,0.229,UREA-46,153.1
7.0,6.0,17.32,77.37,6.98,24.14,74.01,169.8,1.393,0.613,UREA-46,113.9
8.0,1.0,17.2,88.84,8.11,68.94,20.31,137.86,3.21,2.004,DAP-18-46,210.8
12.0,2.0,15.94,75.88,6.65,13.13,18.47,140.51,1.363,0.836,UREA-46,151.9
7.0,4.0,13.55,74.47,7.53,80.09,51.67,172.01,2.885,2.122,DAP-18-46,140.8
9.0,6.0,22.37,78.34,5.64,13.21,18.52,93.53,2.45,1.616,UREA-46,234.0
10.0,7.0,22.7,51.59,5.75,67.87,4.27,233.35,0.662,1.629,HUMUS-ORG,2364.2
2.0,8.0,9.29,47.96,8.27,10.75,61.83,221.86,1.83,3.163,UREA-46,164.4
10.0,2.0,11.81,52.14,6.93,23.83,61.2,227.92,1.452,0.22,UREA-46,149.8
8.0,4.0,23.37,83.86,7.18,101.29,16.94,110.19,1.149,3.646,DAP-18-46,180.2
7.0,6.0,13.09,41.89,5.88,45.24,24.02,265.37,1.265,1.223,DAP-18-46,109.6
6.0,7.0,13.05,60.92,6.77,43.75,64.35,175.27,1.616,2.121,UREA-46,145.8
2.0,6.0,21.01,76.47,5.7,63.13,12.28,181.39,1.715,4.715,DAP-18-46,192.3
12.0,8.0,17.98,76.01,6.36,20.44,27.5,228.3,1.752,0.7,UREA-46,234.8
1.0,1.0,25.84,61.09,7.15,37.97,9.41,253.46,7.36,0.432,NPK-15-15-15,191.9
8.0,6.0,9.0,64.62,4.02,13.23,29.65,275.28,1.751,0.222,UREA-46,174.9
1.0,8.0,11.2,46.35,7.83,31.68,6.87,164.52,2.351,2.535,MAP-12-61,135.6
12.0,2.0,17.78,81.07,7.02,46.78,20.91,216.33,1.518,1.739,NPK-15-15-15,211.7
11.0,5.0,18.63,71.93,6.78,24.0,20.69,119.02,2.945,1.073,DAP-18-46,103.2
1.0,5.0,26.42,53.7,6.35,52.85,17.45,32.14,5.25,5.869,KCL-60,110.4
12.0,2.0,5.0,71.77,6.42,30.64,16.86,30.0,0.685,0.178,KCL-60,224.7
6.0,8.0,25.7,77.0,4.94,22.93,28.47,242.26,2.458,1.381,UREA-46,179.2
6.0,2.0,21.26,75.99,4.34,11.86,1.0,30.0,6.814,0.115,NPK-15-15-15,389.3
4.0,5.0,30.44,75.15,7.06,51.79,7.44,174.35,3.772,0.7,DAP-18-46,122.6
8.0,8.0,20.35,67.36,6.91,35.99,85.2,173.78,2.034,1.133,UREA-46,220.7
2.0,6.0,26.14,58.06,7.13,53.59,46.17,214.72,3.656,5.018,DAP-18-46,229.6
7.0,2.0,17.05,60.47,7.79,26.84,10.62,121.11,5.747,3.661,MAP-12-61,117.9
11.0,3.0,7.63,41.62,5.14,17.75,15.12,168.55,2.007,0.488,DAP-18-46,190.6
10.0,7.0,21.89,69.09,5.22,21.24,19.19,119.47,1.068,3.411,HUMUS-ORG,2949.8
1.0,4.0,15.99,41.36,7.09,61.0,58.2,96.17,3.732,1.516,KCL-60,189.7
7.0,2.0,13.15,59.04,5.07,68.97,57.05,30.0,8.171,1.15,KCL-60,299.0
3.0,2.0,17.95,85.44,6.11,135.27,5.79,226.9,1.208,2.267,SA-21,225.5
5.0,1.0,9.42,56.89,5.3,86.87,8.08,113.74,3.082,0.16,UREA-46,171.7
10.0,8.0,15.81,71.51,6.25,182.86,1.0,118.35,1.537,0.605,DAP-18-46,234.3
1.0,1.0,19.19,80.11,7.53,59.55,54.67,204.66,7.09,1.724,NPK-15-15-15,181.8
3.0,5.0,24.84,55.51,6.55,57.07,17.03,100.51,0.779,1.04,DAP-18-46,223.0
7.0,2.0,14.52,54.21,6.08,115.81,40.2,202.67,0.591,0.571,KNO3-13-46,71.7
12.0,2.0,25.6,20.0,6.12,48.29,48.75,169.33,2.344,1.299,NPK-15-15-15,277.9
9.0,5.0,11.55,57.44,7.17,57.87,13.69,125.41,3.429,3.121,DAP-18-46,160.5
9.0,4.0,19.75,79.66,7.14,57.12,18.6,181.51,3.77,1.054,DAP-18-46,189.0
9.0,8.0,12.9,60.92,5.43,14.0,21.93,155.25,1.021,3.754,UREA-46,194.4
2.0,8.0,7.73,77.06,5.83,19.66,46.76,87.94,9.287,1.11,UREA-46,128.1
8.0,8.0,15.08,84.08,7.02,41.47,43.75,30.0,3.4,0.276,KCL-60,154.7
9.0,6.0,17.44,95.0,6.12,102.48,35.56,51.28,3.254,3.373,KCL-60,135.7
9.0,1.0,15.86,53.9,5.73,54.57,63.35,189.08,0.74,0.802,UREA-46,237.9
6.0,2.0,17.69,64.95,4.59,34.15,7.91,193.38,0.862,3.32,HUMUS-ORG,3171.7
2.0,6.0,13.54,46.03,4.0,145.23,6.33,221.57,2.488,1.215,DAP-18-46,111.3
12.0,6.0,6.3,57.46,5.38,6.55,1.0,236.22,0.959,1.732,DAP-18-46,179.3
9.0,4.0,19.61,61.67,5.36,46.75,70.03,137.8,7.619,0.928,UREA-46,162.6
8.0,2.0,15.58,63.5,5.03,15.07,17.13,136.71,0.944,1.751,HUMUS-ORG,2236.4
4.0,5.0,14.4,70.35,6.41,17.61,24.03,235.0,1.612,9.701,UREA-46,141.9
9.0,7.0,14.43,58.98,4.46,49.46,22.31,189.39,1.95,2.507,HUMUS-ORG,2945.4
6.0,3.0,24.8,64.65,5.54,91.57,48.95,309.79,4.042,0.977,KNO3-13-46,123.7
12.0,8.0,24.76,62.44,8.03,19.88,21.59,114.46,5.329,2.007,UREA-46,156.7
11.0,3.0,24.24,74.68,6.27,34.91,38.94,278.32,1.55,0.84,UREA-46,183.7
10.0,7.0,15.27,70.65,7.27,48.82,85.9,246.28,1.421,2.885,HUMUS-ORG,3358.4
7.0,6.0,22.02,56.27,6.1,153.05,33.59,150.8,1.375,0.463,DAP-18-46,198.5
8.0,3.0,21.93,84.27,7.0,30.17,42.01,189.9,1.835,1.563,KCL-60,151.5
12.0,7.0,20.22,87.55,7.57,107.11,16.05,149.83,2.884,1.294,MAP-12-61,127.4
11.0,4.0,5.0,79.11,6.67,35.57,16.7,98.09,1.027,2.225,DAP-18-46,149.6
6.0,7.0,25.24,65.74,7.1,66.4,50.19,225.01,1.028,0.488,KNO3-13-46,73.0
6.0,1.0,13.67,61.57,4.65,42.59,23.24,146.29,1.806,0.954,DAP-18-46,227.0
5.0,4.0,9.21,35.12,5.32,14.28,18.31,65.35,0.528,1.689,UREA-46,228.3
4.0,6.0,20.96,84.69,4.83,23.32,10.31,378.28,3.375,1.386,DAP-18-46,118.6
1.0,8.0,22.03,95.0,6.67,85.17,26.94,170.66,3.513,0.187,DAP-18-46,161.0
9.0,5.0,20.89,64.53,4.95,36.69,38.13,64.49,1.846,1.116,KCL-60,290.5
2.0,4.0,23.03,50.61,7.14,9.67,11.68,305.58,5.629,1.09,UREA-46,144.3
5.0,6.0,25.3,74.06,5.26,56.63,19.86,174.31,1.616,1.42,SA-21,222.7
8.0,6.0,31.41,45.73,4.66,71.45,8.47,132.46,6.831,0.797,DAP-18-46,233.3
10.0,1.0,21.21,57.25,6.05,13.66,9.97,116.61,2.283,0.912,DAP-18-46,187.6
4.0,8.0,19.61,54.84,6.65,14.85,11.76,379.3,2.377,0.396,UREA-46,201.3
10.0,2.0,8.51,40.99,5.63,20.53,10.05,160.62,2.835,1.976,DAP-18-46,199.0
1.0,6.0,20.95,47.56,6.43,22.52,14.75,151.18,2.873,1.939,DAP-18-46,101.6
6.0,2.0,14.16,72.67,7.34,30.42,8.16,175.82,0.924,0.283,NPK-10-26-26,224.6
7.0,1.0,34.0,50.63,6.57,20.53,11.54,142.65,2.491,0.177,DAP-18-46,154.7
6.0,7.0,20.17,62.57,5.97,200.0,42.28,186.6,3.55,0.419,DAP-18-46,179.5
2.0,5.0,10.2,61.44,5.54,5.78,70.61,269.12,2.624,1.753,UREA-46,247.3
3.0,7.0,12.57,89.66,5.53,32.16,24.7,104.18,1.286,2.885,DAP-18-46,126.6
10.0,1.0,26.33,94.0,7.1,92.21,24.36,285.41,1.096,3.624,DAP-18-46,208.4
3.0,3.0,25.71,45.23,5.44,15.88,39.5,30.0,4.138,2.087,NPK-15-15-15,191.8
4.0,2.0,27.13,75.33,5.87,86.62,74.72,172.89,1.245,0.398,UREA-46,135.8
6.0,1.0,12.06,68.93,6.44,50.7,116.02,195.22,1.343,0.412,UREA-46,177.5
8.0,4.0,22.42,46.85,7.91,33.78,100.23,144.78,2.014,2.59,UREA-46,218.4
2.0,5.0,17.34,37.92,5.46,18.36,31.09,196.77,3.436,1.235,SA-21,306.5
5.0,5.0,18.49,80.89,5.19,54.73,13.23,161.83,0.804,2.052,HUMUS-ORG,4107.5
6.0,5.0,21.98,95.0,5.3,75.97,17.59,191.33,0.848,4.04,HUMUS-ORG,2781.9
7.0,7.0,14.51,69.13,6.84,22.55,18.2,135.95,0.959,0.638,DAP-18-46,190.2
11.0,8.0,25.09,75.93,4.81,23.0,6.79,213.83,4.156,0.116,DAP-18-46,214.3
10.0,6.0,17.15,48.08,7.41,55.01,6.93,104.07,0.83,0.509,DAP-18-46,209.3
4.0,4.0,16.16,78.8,4.97,77.57,12.43,195.33,0.558,1.676,HUMUS-ORG,3654.3
1.0,3.0,21.79,57.35,5.61,10.7,55.92,154.61,2.02,2.703,UREA-46,139.7
10.0,5.0,20.01,53.25,5.68,65.73,21.17,47.76,0.554,1.63,KCL-60,173.2
3.0,1.0,24.88,75.66,5.17,38.98,10.3,240.52,1.207,2.978,HUMUS-ORG,3767.0
8.0,5.0,15.89,83.44,6.05,104.63,6.61,194.95,4.18,2.043,DAP-18-46,226.5
1.0,5.0,13.93,62.85,6.31,39.1,27.19,157.01,0.537,1.469,DAP-18-46,236.1
6.0,4.0,17.6,78.78,7.55,21.08,7.55,241.82,1.08,0.1,DAP-18-46,208.5
6.0,4.0,13.44,61.92,5.0,21.11,29.91,30.0,4.842,0.994,NPK-10-26-26,235.1
12.0,5.0,15.09,67.98,6.63,11.76,2.1,175.17,1.006,0.983,DAP-18-46,230.1
10.0,8.0,17.88,74.64,7.36,59.16,12.11,166.92,0.895,0.352,DAP-18-46,160.1
9.0,3.0,20.0,51.58,6.27,35.26,3.86,148.26,1.56,3.37,DAP-18-46,119.9
3.0,2.0,14.56,80.35,5.77,31.84,28.81,35.48,0.968,0.1,KCL-60,214.2
10.0,4.0,24.34,89.09,6.11,15.05,30.65,342.08,3.422,0.586,NPK-15-15-15,187.2
5.0,7.0,16.35,36.18,4.0,40.5,1.82,154.67,0.709,1.673,HUMUS-ORG,2950.9
8.0,7.0,26.02,33.92,7.24,96.42,8.83,201.42,2.485,1.315,DAP-18-46,132.4
7.0,5.0,16.24,69.92,6.85,37.51,35.86,221.96,1.115,2.132,DAP-18-46,213.0
7.0,7.0,12.37,35.44,5.94,120.19,149.16,269.91,1.744,0.104,KNO3-13-46,107.3
9.0,8.0,26.06,45.8,7.66,29.14,10.97,175.69,4.543,0.346,MAP-12-61,119.1
7.0,6.0,15.86,55.18,6.63,23.13,4.72,200.32,2.831,1.061,DAP-18-46,174.1
3.0,4.0,12.26,95.0,7.73,39.44,4.36,141.29,3.333,1.29,MAP-12-61,155.8
9.0,2.0,15.87,83.31,7.11,18.48,16.4,145.3,3.444,0.421,NPK-12-24-12,288.7
4.0,3.0,10.68,88.38,6.64,16.32,72.29,205.5,3.383,0.338,UREA-46,191.4
1.0,1.0,13.36,94.92,6.8,57.61,8.37,188.83,2.513,0.89,NPK-15-15-15,392.0
10.0,6.0,10.11,91.35,7.44,53.47,26.02,70.71,6.477,0.1,KCL-60,126.8
6.0,7.0,19.35,75.51,6.29,37.64,43.16,93.16,2.07,0.532,UREA-46,155.7
10.0,3.0,29.22,95.0,5.2,38.63,22.4,30.0,1.295,0.508,KCL-60,239.8
11.0,3.0,16.0,42.02,6.82,83.22,31.31,162.09,4.014,0.466,DAP-18-46,220.8
10.0,7.0,14.37,70.4,5.5,105.88,11.78,183.81,2.477,4.191,HUMUS-ORG,4704.9
11.0,1.0,20.65,62.05,6.49,87.74,17.31,181.32,1.864,0.734,UREA-46,152.8
6.0,1.0,28.93,72.78,6.68,90.09,7.6,121.39,0.941,0.176,DAP-18-46,201.7
7.0,2.0,23.19,72.18,5.45,45.75,13.61,90.36,7.128,2.035,NPK-15-15-15,183.5
1.0,2.0,24.8,34.65,4.87,52.67,11.63,304.56,3.512,1.653,NPK-12-24-12,201.8
7.0,2.0,11.92,63.15,5.69,9.07,33.81,160.37,4.786,1.726,UREA-46,167.8
9.0,7.0,19.17,49.56,5.06,57.22,14.77,90.13,4.907,2.842,HUMUS-ORG,4548.0
6.0,5.0,20.82,72.04,4.45,56.25,63.7,228.46,1.413,6.685,HUMUS-ORG,4633.4
5.0,2.0,19.88,77.24,6.77,141.72,10.7,56.41,4.817,2.349,KCL-60,296.6
9.0,3.0,21.94,72.84,6.7,35.26,41.76,226.77,1.432,0.366,UREA-46,220.8
10.0,1.0,12.22,42.45,6.59,69.13,18.91,146.28,1.872,0.327,DAP-18-46,212.4
7.0,7.0,17.8,73.66,6.64,94.25,23.54,158.74,1.196,1.518,DAP-18-46,177.8
11.0,5.0,24.15,95.0,6.38,42.47,46.46,120.47,4.326,0.876,UREA-46,161.4
2.0,3.0,28.8,41.05,5.56,26.35,58.67,66.63,1.1,0.437,NIT-27,157.8
4.0,6.0,5.83,56.61,7.06,62.45,70.7,265.62,1.59,0.744,KNO3-13-46,53.1
3.0,8.0,19.25,57.02,6.85,44.66,40.48,111.89,1.552,3.497,DAP-18-46,124.5
2.0,6.0,27.25,64.88,5.49,19.62,22.77,83.3,1.902,1.632,UREA-46,164.1
11.0,1.0,22.42,40.12,4.85,35.05,16.1,76.47,1.722,0.295,KCL-60,190.0
8.0,1.0,26.04,82.22,8.24,33.64,44.41,213.03,2.51,0.574,UREA-46,136.9
10.0,5.0,23.98,37.06,6.25,42.67,6.15,251.79,0.961,0.901,DAP-18-46,249.2
1.0,3.0,14.09,60.69,6.32,28.86,10.45,170.48,6.003,1.073,UREA-46,208.8
12.0,1.0,9.11,65.35,6.7,19.58,12.01,370.22,1.067,1.342,DAP-18-46,175.4
4.0,5.0,19.16,63.05,5.74,9.55,9.52,66.15,6.784,0.592,NPK-15-15-15,230.9
2.0,6.0,22.24,60.56,6.03,28.67,38.49,210.02,0.831,4.165,UREA-46,220.2
6.0,5.0,20.07,87.01,5.92,70.78,8.17,108.56,0.928,0.984,DAP-18-46,142.6
12.0,8.0,27.61,95.0,5.79,8.36,44.47,117.03,1.662,6.732,UREA-46,125.7
2.0,8.0,21.27,67.05,5.59,42.3,65.35,110.18,3.388,1.819,UREA-46,219.0
4.0,1.0,17.25,57.57,5.22,79.69,11.22,157.27,3.741,0.645,UREA-46,212.3
12.0,7.0,13.09,92.14,6.28,31.44,16.5,98.89,2.682,2.414,DAP-18-46,130.2
11.0,8.0,16.27,54.78,6.65,51.96,40.58,145.96,1.242,0.445,DAP-18-46,187.5
8.0,5.0,25.75,47.22,5.22,112.85,8.1,281.93,1.644,0.912,DAP-18-46,229.7
9.0,3.0,17.22,54.34,6.33,65.39,54.2,195.26,3.949,4.125,DAP-18-46,129.0
12.0,5.0,21.35,66.86,5.17,30.19,31.16,291.54,0.587,0.232,HUMUS-ORG,3115.4
6.0,2.0,15.26,58.03,6.74,38.88,30.1,245.59,5.055,0.587,NPK-10-26-26,246.6
1.0,7.0,23.37,87.56,5.8,18.89,12.48,355.6,0.603,0.225,DAP-18-46,177.0
12.0,5.0,15.9,79.84,8.17,65.18,36.6,176.22,2.172,0.1,DAP-18-46,134.4
3.0,3.0,17.08,50.13,7.11,11.92,38.5,43.94,1.075,1.411,UREA-46,201.1
6.0,6.0,27.13,95.0,6.25,120.62,34.41,317.39,0.84,1.428,DAP-18-46,221.5
8.0,5.0,13.07,49.47,7.06,14.39,11.22,268.26,1.249,2.832,UREA-46,220.4
6.0,5.0,26.03,80.65,7.09,22.23,13.45,259.25,1.499,0.639,DAP-18-46,162.4
8.0,6.0,13.27,67.24,5.16,15.34,7.75,30.0,12.997,0.858,NPK-15-15-15,281.2
1.0,6.0,7.38,69.13,6.36,39.47,24.74,217.53,5.503,4.81,DAP-18-46,185.0
4.0,6.0,13.81,39.79,6.78,153.41,6.01,198.79,0.5,0.192,DAP-18-46,192.5
6.0,2.0,14.48,63.57,5.56,17.26,21.6,30.0,3.02,0.262,NPK-10-26-26,234.0
12.0,3.0,18.32,61.47,7.87,69.61,73.7,183.97,5.509,0.1,KNO3-13-46,113.3
11.0,5.0,13.65,57.24,5.53,26.09,22.91,186.01,2.998,0.1,DAP-18-46,125.9
2.0,4.0,25.57,53.45,5.44,94.82,1.0,216.91,8.798,2.368,NPK-15-15-15,180.5
5.0,8.0,28.12,70.34,6.45,46.13,93.97,252.23,1.043,2.57,UREA-46,212.5
8.0,1.0,20.44,52.53,6.17,64.87,103.11,215.09,0.551,1.1,KNO3-13-46,75.6
5.0,1.0,18.24,81.48,5.05,21.88,13.52,149.99,4.37,2.873,UREA-46,210.2
9.0,1.0,7.68,68.68,5.53,40.71,4.79,183.48,0.637,1.051,DAP-18-46,127.3
8.0,7.0,8.7,41.66,6.37,92.46,11.33,30.0,0.916,0.206,KCL-60,232.3
7.0,1.0,13.52,51.9,5.73,114.35,76.03,211.13,0.542,4.14,KNO3-13-46,84.4
3.0,2.0,20.76,34.45,5.9,39.96,29.45,174.96,2.337,0.302,SA-21,171.6
9.0,7.0,10.88,56.33,6.26,44.22,10.44,189.7,10.076,3.291,HUMUS-ORG,4421.2
11.0,4.0,16.86,43.6,7.13,22.32,19.1,341.49,2.014,0.383,DAP-18-46,248.0
5.0,6.0,9.02,68.14,4.68,19.53,15.57,161.15,0.604,0.1,HUMUS-ORG,4657.6
7.0,6.0,20.84,74.12,7.34,32.27,62.64,88.06,1.033,1.819,UREA-46,201.7
6.0,2.0,23.88,90.05,5.55,36.22,14.33,131.37,3.439,1.854,NPK-10-26-26,146.3
10.0,4.0,21.15,62.18,7.18,57.2,58.25,109.17,1.905,0.587,NPK-15-15-15,313.5
2.0,6.0,19.02,46.28,7.21,102.19,20.08,198.28,0.905,2.218,DAP-18-46,212.6
8.0,7.0,17.39,62.62,6.67,79.53,119.69,269.62,1.43,1.265,KNO3-13-46,113.9
1.0,6.0,16.52,67.96,7.23,13.59,24.34,226.92,1.011,0.54,UREA-46,174.5
9.0,7.0,21.27,44.33,7.62,34.42,21.77,104.53,6.493,2.204,HUMUS-ORG,2360.1
4.0,6.0,19.9,85.96,4.65,23.62,13.07,76.32,2.28,1.991,DAP-18-46,146.2
10.0,8.0,18.85,65.99,5.01,28.9,37.3,224.23,4.684,0.937,UREA-46,106.0
1.0,5.0,13.61,57.34,5.83,34.88,11.35,85.76,6.69,0.76,DAP-18-46,184.7
9.0,8.0,25.75,45.09,5.48,16.84,12.08,316.48,2.528,1.919,DAP-18-46,238.2
11.0,2.0,11.11,65.81,7.29,200.0,10.2,235.06,1.248,0.1,KCL-60,145.2
4.0,6.0,17.44,95.0,4.95,26.99,7.57,231.12,2.898,0.492,DAP-18-46,198.5
6.0,4.0,28.82,50.64,7.31,60.69,22.17,184.48,2.587,0.658,NPK-10-26-26,181.0
6.0,3.0,24.26,62.15,7.71,34.02,9.9,293.62,0.685,0.281,MAP-12-61,127.6
11.0,4.0,14.24,90.31,7.33,56.45,29.35,267.13,4.992,1.519,DAP-18-46,123.8
8.0,7.0,14.04,60.04,6.93,53.89,20.61,181.56,0.753,1.725,DAP-18-46,139.2
12.0,6.0,24.84,43.17,6.92,15.01,44.36,30.0,0.559,2.353,UREA-46,193.1
2.0,6.0,13.79,49.88,7.46,33.86,39.9,55.09,2.707,0.1,KCL-60,142.1
4.0,4.0,11.95,72.76,5.09,72.52,14.82,200.06,4.924,1.647,SA-21,209.9
8.0,8.0,23.23,83.57,6.48,70.12,43.93,214.31,3.331,1.867,KNO3-13-46,117.5
12.0,2.0,15.62,62.94,6.85,26.77,52.61,130.52,0.681,1.597,NPK-15-15-15,319.3
7.0,2.0,21.06,69.05,7.47,9.42,110.54,140.02,1.383,0.733,UREA-46,237.7
8.0,8.0,17.12,79.38,6.26,30.75,15.18,140.18,1.355,0.31,DAP-18-46,150.4
3.0,3.0,27.05,50.5,5.08,29.23,35.64,137.27,1.681,2.561,NPK-15-15-15,305.9
8.0,5.0,17.34,56.02,7.97,29.72,5.68,94.29,1.626,1.047,DAP-18-46,202.4
1.0,1.0,17.45,54.9,7.02,35.76,11.81,83.37,0.797,0.395,NPK-15-15-15,398.9
7.0,2.0,19.26,61.18,6.53,200.0,26.81,163.55,2.429,1.886,NPK-15-15-15,315.7
12.0,5.0,19.51,60.87,5.31,35.66,18.37,161.37,0.846,0.777,HUMUS-ORG,2008.9
5.0,3.0,14.76,72.54,7.64,19.72,11.31,224.35,8.08,0.314,MAP-12-61,155.0
1.0,8.0,11.7,58.1,5.86,30.48,6.37,188.83,0.782,2.107,DAP-18-46,123.0
12.0,2.0,26.57,49.32,6.37,114.73,11.09,106.95,7.044,0.122,NPK-15-15-15,263.4
10.0,5.0,10.17,51.98,7.4,104.23,38.71,103.12,3.967,4.155,DAP-18-46,205.6
9.0,4.0,23.04,60.1,6.53,23.69,27.64,107.72,1.316,0.244,UREA-46,112.3
3.0,7.0,20.46,58.75,6.94,19.36,12.08,250.6,1.665,0.1,DAP-18-46,161.0
4.0,5.0,18.58,25.83,6.59,16.38,15.01,228.74,10.018,2.197,DAP-18-46,123.6
12.0,6.0,18.99,93.72,5.97,99.24,41.33,176.97,4.46,0.1,DAP-18-46,116.9
2.0,2.0,24.55,55.57,5.97,69.6,28.09,140.54,2.581,1.513,UREA-46,109.3
2.0,3.0,12.12,73.76,5.84,27.65,25.79,345.64,0.769,0.821,NIT-27,190.7
1.0,6.0,27.04,95.0,6.05,20.55,20.87,317.2,0.837,0.868,UREA-46,124.4
1.0,2.0,17.6,42.16,5.27,16.85,26.07,131.43,4.001,0.599,NPK-12-24-12,197.7
10.0,3.0,18.87,64.85,6.64,48.3,55.66,140.98,0.854,4.057,UREA-46,164.0
10.0,2.0,17.35,82.6,5.99,72.55,5.84,67.57,2.722,2.34,KCL-60,146.2
1.0,6.0,14.67,41.5,5.92,70.73,74.4,188.46,1.554,3.41,UREA-46,233.0
3.0,5.0,15.25,64.89,6.97,154.79,66.81,195.6,6.658,1.005,DAP-18-46,131.7
2.0,4.0,18.25,62.47,6.15,5.04,97.26,94.79,1.965,0.1,UREA-46,200.2
5.0,4.0,11.35,41.8,4.72,24.54,27.12,133.04,0.655,0.215,HUMUS-ORG,3529.8
3.0,2.0,17.71,66.01,6.16,179.35,25.75,174.03,3.109,1.312,SA-21,203.0
11.0,2.0,25.14,35.0,6.32,26.77,19.69,221.29,1.303,1.833,KCL-60,227.2
6.0,4.0,25.66,95.0,6.19,62.75,29.92,191.73,0.971,0.917,NPK-10-26-26,122.2
10.0,3.0,12.17,69.25,5.05,24.65,33.55,64.28,7.107,2.614,UREA-46,138.3
4.0,4.0,22.2,70.22,8.14,106.09,2.84,326.01,6.513,4.849,MAP-12-61,97.0
7.0,2.0,14.95,59.81,8.14,29.96,32.69,132.09,6.628,0.91,NPK-15-15-15,176.7
8.0,2.0,23.77,50.03,6.9,75.58,22.65,50.5,4.659,0.1,KCL-60,290.7
